N,threads,mem_mb,time_med,mlups_med,l1_loads,l1_misses,l2_hits,l2_misses,l1_miss_rate,l2_miss_rate
48,1,1.7,0.009065,2147.408,75755981.0,10707410.0,10749122.0,898309.0,0.14134078733664607,0.07712507590729664
64,1,4.0,0.020529,2321.857,179758374.0,25652033.0,25719135.0,1529323.0,0.14270285399889077,0.05612512091509912
80,1,7.8,0.040714,2331.133,353548890.0,49954362.0,49635619.0,2434121.0,0.1412940710972109,0.046747323877553454
96,1,13.5,0.07014,2368.351,614191612.0,86903557.0,85496049.0,4378606.0,0.14149258195991124,0.048719029853299574
112,1,21.4,0.115919,2296.43,979224187.0,138125958.0,135513724.0,6955489.0,0.14105652192187937,0.0488209968563524
128,1,32.0,0.207346,1929.504,1517493399.0,206987562.0,197100401.0,9772748.0,0.1364009636789201,0.04724029216570779
144,1,45.6,0.344687,1661.382,2094787184.0,294994756.0,252405079.0,12913219.0,0.140823257967765,0.048670668767820904
160,1,62.5,0.539311,1462.722,2880886334.0,408026997.0,323553023.0,16525658.0,0.14163245254923687,0.04859363118971871
192,1,108.0,0.938876,1461.108,4990808532.0,708633742.0,544602651.0,24026068.0,0.14198776359709886,0.042252646053918354
224,1,171.5,1.475032,1483.5,7936503756.0,1122999225.0,849973428.0,35288852.0,0.14149797688321034,0.03986259529774611
256,1,256.0,3.218602,1018.272,11883449694.0,2417231257.0,2076561344.0,63874920.0,0.2034115782238275,0.0298420098156214
320,1,500.0,4.523573,1421.771,23229581178.0,3443597047.0,2696958416.0,106572580.0,0.14824189125980977,0.03801369778042575
400,1,976.6,9.109443,1384.164,45782734979.0,6537791075.0,5173715256.0,750283257.0,0.142800360834686,0.1266514931348363
48,8,1.7,0.008522,2284.324,87965002.0,12853092.0,8713500.0,1995278.0,0.146115974623635,0.18632172597097446
64,8,4.0,0.01906,2500.813,201552075.0,30112103.0,21563705.0,3698747.0,0.14940110638900642,0.14641282643505865
80,8,7.8,0.037716,2516.43,391838220.0,58977271.0,39685640.0,6305826.0,0.15051433982116394,0.1371086105409208
96,8,13.5,0.065911,2520.311,670147158.0,101489174.0,69817099.0,11897844.0,0.15144311631923685,0.14560181483575166
112,8,21.4,0.108372,2456.357,1064347536.0,163949502.0,111235590.0,15589466.0,0.1540375642867087,0.12292102595247426
128,8,32.0,0.166632,2400.953,1621121512.0,243557268.0,168418597.0,25732106.0,0.15023998275090436,0.13253676449474405
144,8,45.6,0.262399,2182.391,2257142783.0,349438131.0,240945174.0,32877595.0,0.15481436692080103,0.12006888660161055
160,8,62.5,0.385603,2045.787,3077677861.0,476103467.0,325908871.0,51358291.0,0.15469567917849086,0.13613241801310022
192,8,108.0,0.62701,2187.844,5378022090.0,828833976.0,564228821.0,83767390.0,0.15411501889163864,0.12927141945896348
224,8,171.5,0.847819,2580.986,8616776894.0,1295749772.0,862763797.0,121560251.0,0.1503752259040444,0.12349617104955664
256,8,256.0,1.299003,2523.022,12148294320.0,2701840863.0,2122664346.0,195991269.0,0.22240495594117282,0.08452797721752223
320,8,500.0,2.472926,2600.76,26512655925.0,3458427145.0,1941039945.0,420683597.0,0.1304443868159919,0.1781256736949612
400,8,976.6,5.196919,2426.237,50440884528.0,6599528886.0,3722258503.0,910570802.0,0.1308368984357633,0.1965474534141076
