version,variant,N,iters,threads,schedule,bind,first_touch,time_med,time_std,mlups_med,gbs_med,energy_med,freq_med,nreps,power_w,edp,mlups_w,speedup_seq,speedup_self,efic_seq,efic_self,pct_peak
omp,2,96,2000,1,static,close,0,0.6941495,0.004091387144559493,2393.1005,38.29,58.405,2401.5,10,84.13893548868076,40.5418015475,28.44224836100933,1.0156468455282328,1.0,1.0156468455282328,1.0,125.82233058839766
omp,2,96,2000,1,static,close,1,0.6958445,0.004932006754073056,2387.2704999999996,38.1965,58.855,2300.0,10,84.5806785855173,40.9539280475,28.224773552582615,1.0131728424957014,1.0,1.0131728424957014,1.0,125.51508619273261
omp,2,96,2000,2,static,close,0,0.3507765,0.007894813716048716,4735.7065,75.7715,111.36500000000001,2400.0,10,317.4813592130602,39.0642249225,14.916486787565661,2.009857416332052,1.9788939680964945,1.004928708166026,0.9894469840482473,201.86031766329398
omp,2,96,2000,2,static,close,1,0.3522225,0.0025019894062303497,4716.282,75.4605,112.275,2403.0,10,318.7615782637396,39.545781187500005,14.795641387174348,2.0016062290171694,1.9755821959130946,1.0008031145085847,0.9877910979565473,201.0317929700612
omp,2,96,2000,4,static,close,0,0.181846,0.0036452002551300286,9135.0765,146.161,122.45500000000001,2625.0,10,673.3994698811082,22.267951930000002,13.565612847323505,3.876965949209771,3.817238212553479,0.9692414873024428,0.9543095531383697,391.5135151062217
omp,2,96,2000,4,static,close,1,0.18172,0.0017255511712042726,9141.369999999999,146.262,123.71000000000001,2510.0,10,680.7726172132952,22.4805812,13.427934333521945,3.8796541382346468,3.8292125247633724,0.9699135345586617,0.9573031311908431,391.78405830875676
omp,2,96,2000,6,static,close,0,0.124945,0.0017776576473300773,13295.164,212.72250000000003,117.48,2483.0,10,940.2537116331187,14.678538600000001,14.139975025366018,5.642568730241306,5.555640481811997,0.9404281217068844,0.9259400803019995,588.2649816100219
omp,2,96,2000,6,static,close,1,0.1242545,0.0006329007294460382,13369.078000000001,213.9055,115.37,2598.0,10,928.4975594445272,14.335241665000002,14.398614044821013,5.673925290432138,5.600155326366449,0.945654215072023,0.9333592210610749,591.5364619341279
omp,2,96,2000,8,static,close,0,0.111622,0.0012943830834288021,14882.157,238.1145,111.45,2518.5,10,998.459085126588,12.4402719,14.905124528075369,6.316055526688287,6.218751679776388,0.7895069408360359,0.7773439599720485,548.9899292650762
omp,2,96,2000,8,static,close,1,0.111265,0.0009549125381706681,14929.913,238.8785,113.14,2460.0,10,1016.8516604502763,12.5885221,14.682488686096873,6.336320945490495,6.253938794769244,0.7920401181863119,0.7817423493461555,550.7513856482805
omp,2,96,2000,12,static,close,0,0.08414650000000001,0.002448641836701413,19741.478000000003,315.86350000000004,113.66499999999999,2601.5,10,1350.7989042919191,9.564511922500001,14.614668354612244,8.378372837848275,8.249297356396283,0.6981977364873563,0.687441446366357,592.621117686128
omp,2,96,2000,12,static,close,1,0.081997,0.000996242518443957,20258.932500000003,324.14300000000003,114.75999999999999,2428.5,10,1399.5633986609264,9.409975719999998,14.475180273636289,8.598006634389064,8.486219008012489,0.7165005528657553,0.707184917334374,608.1550636592533
omp,2,96,2000,16,static,close,0,0.07345299999999999,0.003622972077973801,22615.377500000002,361.846,118.08000000000001,2782.0,10,1607.5585748710064,8.67333024,14.068151452468664,9.598120566893117,9.45025390385689,0.5998825354308198,0.5906408689910556,643.6525216302368
omp,2,96,2000,16,static,close,1,0.0714555,0.0005972100784295049,23247.64,371.962,116.265,2670.5,10,1627.0965845876103,8.3077737075,14.287805788672431,9.866430855567451,9.738151716802765,0.6166519284729657,0.6086344823001728,661.6468863843352
omp,2,96,2000,24,static,close,0,0.0679235,0.0018497569479979444,24456.542500000003,391.305,126.645,2873.0,10,1864.5240601559108,8.6021716575,13.11677495754866,10.379482064381254,10.219577907498877,0.4324784193492189,0.42581574614578654,657.3516441980597
omp,2,96,2000,24,static,close,1,0.066556,0.0008486339938722507,24958.9885,399.34400000000005,125.765,2723.5,10,1889.6117555141534,8.370415340000001,13.208527321639567,10.592745207043691,10.455022837910931,0.44136438362682046,0.43562595157962214,670.8563269077318
omp,2,96,2000,48,static,close,0,0.0648515,0.0029406116899568886,25615.153,409.8425,121.82,2767.5,10,1878.4453713483879,7.90020973,13.636357698075031,10.871155640193365,10.703676861753388,0.2264824091706951,0.2229932679531956,697.026464870822
omp,2,96,2000,48,static,close,1,0.0621105,0.0177338298226237,26745.9245,427.9345,124.91,2885.5,10,2011.0931324011237,7.758222555,13.299197371365384,11.350910876582866,11.203331159787798,0.2364773099288097,0.2334027324955791,727.795852629395
omp,2,256,100,1,static,close,0,1.319482,0.04874778397299488,1241.9340000000002,19.8705,119.755,2211.0,10,90.75910091990644,158.01456691,13.683850847046054,1.0241795644048195,1.0,1.0241795644048195,1.0,65.29518464238066
omp,2,256,100,1,static,close,1,1.319146,0.08775752916378933,1242.282,19.8765,98.94999999999999,2221.5,10,75.0106508301583,130.52949669999998,16.561408096735725,1.0244404334319326,1.0,1.0244404334319326,1.0,65.31490086028431
omp,2,256,100,2,static,close,0,0.8540885,0.010597903357111079,1918.6734999999999,30.698999999999998,92.855,2262.0,10,108.71824172787714,79.3063876675,17.64812849717032,1.5822558200935852,1.5449007918968585,0.7911279100467926,0.7724503959484292,81.78417864164574
omp,2,256,100,2,static,close,1,0.8521835,0.0666444477544829,1922.9685,30.7675,91.575,2235.5,10,107.45925026710798,78.0387040125,17.894862426642096,1.5857928486059634,1.5479600344292044,0.7928964243029817,0.7739800172146022,81.96666719947997
omp,2,256,100,4,static,close,0,0.7950035,0.0664752264950385,2061.2585,32.980000000000004,145.72,2274.5,10,183.29479052607945,115.84791002,11.245592381998009,1.699849749089155,1.6597184792268211,0.4249624372722888,0.4149296198067053,88.3417308871942
omp,2,256,100,4,static,close,1,0.7890474999999999,0.002780842949738653,2076.816,33.229,143.69,2342.5,10,182.10564002800848,113.37823527499998,11.404457323126172,1.712680795516113,1.6718207712463447,0.42817019887902824,0.41795519281158616,89.00871363403807
omp,2,256,100,6,static,close,0,0.8242955,0.0275960272472929,1988.01,31.808,125.925,2447.5,10,152.76681723969136,103.79941083749999,13.01336269172126,1.6394442284350699,1.6007390553509029,0.27324070473917833,0.2667898425584838,87.962169187799
omp,2,256,100,6,static,close,1,0.8238195,0.0016096085963156416,1989.1575,31.826500000000003,122.545,2362.5,10,148.75224487888426,100.9549606275,13.372285585468605,1.6403914935249773,1.6012561003957784,0.27339858225416286,0.26687601673262973,88.0133292773983
omp,2,256,100,8,static,close,0,0.6979569999999999,0.004039507650141959,2347.8615,37.5655,136.44,2471.5,10,195.48482213087627,95.22925307999999,12.010454184663587,1.9362030898751645,1.8904918211293822,0.24202538623439557,0.23631147764117277,86.6099342451099
omp,2,256,100,8,static,close,1,0.695713,0.0021468722468849302,2355.4355,37.687,132.91,2364.5,10,191.0414208157674,92.46721483,12.32944923641186,1.9424482509310592,1.8961065841805456,0.2428060313663824,0.2370133230225682,86.89006114374776
omp,2,256,100,12,static,close,0,0.5789865000000001,0.0022238043878802763,2830.301,45.285,127.69500000000001,2551.5,10,220.54918378925933,73.93368111750002,12.832969732068602,2.334055284535995,2.278951236341434,0.19450460704466624,0.18991260302845284,84.96343298423622
omp,2,256,100,12,static,close,1,0.5798985,0.0022473440645447242,2825.8505,45.213499999999996,115.455,2619.0,10,199.09518648522112,66.95218131749999,14.193464693380538,2.330384541432682,2.2747877430274435,0.19419871178605683,0.18956564525228695,84.82928513266565
omp,2,256,100,16,static,close,0,0.5534555,0.005112205307996864,2960.8695,47.373999999999995,113.13,2585.5,10,204.40667768230688,62.612420715,14.485189689359586,2.441725667194562,2.3840796595209555,0.15260785419966014,0.14900497872005972,84.26898337887067
omp,2,256,100,16,static,close,1,0.5520754999999999,0.00328118570032242,2968.2655000000004,47.4925,112.5,2615.5,10,203.7764762247193,62.108493749999994,14.566281422624444,2.4478291465569475,2.3894304311638535,0.15298932165980922,0.14933940194774084,84.47977145947178
omp,2,256,100,24,static,close,0,0.5432035,0.010547114899872442,3016.747,48.268,125.385,2741.0,10,230.8250959355012,68.1095708475,13.069406460218524,2.4878088966657987,2.429074923118132,0.10365870402774162,0.10121145512992218,81.08521271681155
omp,2,256,100,24,static,close,1,0.5400915,0.005678921561353005,3034.1265000000003,48.546,119.62,2723.0,10,221.4809897952477,64.60574523,13.699263773405367,2.502143618257277,2.442449103531531,0.10425598409405322,0.10176871264714714,81.55222376212674
omp,2,256,100,48,static,close,0,0.6036490000000001,0.03827756300802515,2714.682,43.435,153.28,2738.0,10,253.922395299255,92.52731872000001,10.690990831276096,2.2386958315179846,2.185843097561662,0.046639496489958014,0.04553839786586796,73.87068081437175
omp,2,256,100,48,static,close,1,0.6086895,0.04599012291351266,2692.408,43.078500000000005,137.25,2813.0,10,225.48442186040666,83.54263387499999,11.940549940371584,2.2201574037337592,2.1671903326737194,0.04625327924445332,0.04514979859736915,73.2643748926422
omp,2,1000,30,1,static,close,0,25.7747725,0.2220364547690312,1156.962,18.5115,2165.255,2151.5,10,84.00675505477304,55808.95502948751,13.772249615470233,0.9988068177905353,1.0,0.9988068177905353,1.0,60.82946128720615
omp,2,1000,30,1,static,close,1,25.886184999999998,0.045545064713849934,1151.98,18.432,2136.59,2147.0,10,82.53784789067993,55308.16400915,13.956990997945322,0.9945080165346883,1.0,0.9945080165346883,1.0,60.56822139998291
omp,2,1000,30,2,static,close,0,22.798920000000003,0.02639667494633081,1307.9725,20.927999999999997,1739.22,2104.0,10,76.28519245648478,39652.3376424,17.145824214130474,1.129177105757641,1.1305260293031423,0.5645885528788205,0.5652630146515711,55.753584501526504
omp,2,1000,30,2,static,close,1,23.0060215,0.0281275591910215,1296.1979999999999,20.738999999999997,1751.505,2112.0,10,76.13245949544124,40295.161687357504,17.025563190660026,1.1190121899173222,1.1251917242622762,0.5595060949586611,0.5625958621311381,55.25007592589632
omp,2,1000,30,4,static,close,0,23.827092,0.03935928206845975,1251.532,20.0245,1688.06,2169.5,10,70.84624510620095,40221.56092152,17.665466929459853,1.0804515506969965,1.0817422663244007,0.2701128876742491,0.2704355665811002,53.638538209539725
omp,2,1000,30,4,static,close,1,24.038252999999997,0.06711732932253009,1240.538,19.8485,1738.6100000000001,2155.5,10,72.3268034494853,41793.14704833,17.151843311676565,1.0709604603961862,1.0768746381028604,0.26774011509904655,0.2692186595257151,53.1670965892806
omp,2,1000,30,6,static,close,0,25.215918000000002,0.017359557714539068,1182.6005,18.922,1671.435,2155.0,10,66.28491574250836,42146.76790233,17.84117075133583,1.0209431399642082,1.0221627663922448,0.1701571899940347,0.17036046106537414,52.327092724205635
omp,2,1000,30,6,static,close,1,25.266049000000002,0.008734322438263982,1180.2545,18.884500000000003,1708.9,2153.0,10,67.63621807271885,43177.15113610001,17.450036883065422,1.0189174611352965,1.0245442411672674,0.16981957685588275,0.1707573735278779,52.22338983988275
omp,2,1000,30,8,static,close,0,20.8445825,0.014186503887302295,1430.605,22.89,1646.0500000000002,2181.5,10,78.9677605680037,34311.22502412501,18.11631721236445,1.2350460125550606,1.23652140790059,0.15438075156938258,0.15456517598757374,52.77452436066511
omp,2,1000,30,8,static,close,1,20.908348,0.010592932411124679,1426.2415,22.82,1678.685,2236.0,10,80.28778744260426,35098.53016238,17.76411513419254,1.2312794152842683,1.238078924265083,0.15390992691053354,0.15475986553313537,52.61313437791079
omp,2,1000,30,12,static,close,0,16.868115500000002,0.008430223099724368,1767.8535,28.2855,1679.9099999999999,2220.5,10,99.5908523391365,28336.915909605,17.751163470114026,1.5261941086424264,1.5280173117145184,0.12718284238686886,0.12733477597620987,53.06907770068706
omp,2,1000,30,12,static,close,1,16.8103185,0.008142070286140671,1773.932,28.383000000000003,1723.3400000000001,2295.0,10,102.51679645451097,28969.894283790003,17.30381811908387,1.5314414477036826,1.539898545051362,0.12762012064197356,0.12832487875428017,53.252006589192376
omp,2,1000,30,16,static,close,0,16.0008865,0.009075568576618072,1863.6695,29.8185,1799.9050000000002,2371.5,10,112.48782997117067,28800.0756157825,16.56774337701809,1.608912012468809,1.6108340309769713,0.10055700077930056,0.1006771269360607,53.041218408469945
omp,2,1000,30,16,static,close,1,16.0001035,0.010843224666429998,1863.7604999999999,29.82,1803.775,2366.0,10,112.73520824412167,28860.586690712506,16.53219547848914,1.608990748091098,1.617876096863998,0.10056192175569363,0.10111725605399988,53.04388661202186
omp,2,1000,30,24,static,close,0,14.975151,0.062218579908880335,1991.326,31.8615,2030.17,2516.0,10,135.56925068735535,30402.102305670003,14.688625849178147,1.719115787213097,1.7211694559874555,0.07162982446721237,0.07171539399947731,53.52400151190626
omp,2,1000,30,24,static,close,1,15.177399999999999,0.01570411304793233,1964.7875,31.4365,2012.005,2397.5,10,132.56585449418216,30537.004687,14.821218536981764,1.6962074202432564,1.7055744066836216,0.07067530917680236,0.07106560027848423,52.81004577716181
omp,2,1000,30,48,static,close,0,15.3874395,0.03308013442065895,1937.9679999999998,31.0075,2144.035,2730.0,10,139.3366973108164,32991.2088483825,13.908525445217078,1.6730540841444088,1.6750527272584892,0.034855293419675186,0.03489693181788519,52.73500944748779
omp,2,1000,30,48,static,close,1,15.534612,0.02646814442893747,1919.6075,30.7135,2151.17,2836.5,10,138.47594004922686,33417.59129604,13.86239009691935,1.6572038297448304,1.6663554261928137,0.03452507978635063,0.03471573804568362,52.23499839282161
seq,2,96,2000,1,static,false,0,0.703246,0.009546612232735873,2362.1455,37.794,,2088.0,10,,,,1.0025094348208166,1.0,1.0025094348208166,1.0,124.19245657503006
seq,2,96,2000,1,static,false,1,0.7067755,0.005664556407070968,2350.3635,37.6055,,2258.0,10,,,,0.9975030968107979,1.0,0.9975030968107979,1.0,123.57303872922402
seq,2,256,100,1,static,false,0,1.3552185,0.2577831570108877,1209.257,19.348,,1999.0,10,,,,0.997172411681216,1.0,0.997172411681216,1.0,63.57823066660533
seq,2,256,100,1,static,false,1,1.3475545,0.1546911715471255,1216.104,19.4575,,2091.5,10,,,,1.002843669773653,1.0,1.002843669773653,1.0,63.93805164334677
seq,2,1000,30,1,static,false,0,25.7364205,0.38889053707730803,1158.691,18.539,,1968.5,10,,,,1.0002952236500797,1.0,1.0002952236500797,1.0,60.91982728593117
seq,2,1000,30,1,static,false,1,25.751616499999997,0.39537625308025026,1158.0005,18.528,,1998.5,10,,,,0.9997049505610649,1.0,0.9997049505610649,1.0,60.883680886441155
