N,threads,bind,rep,mem_mb,time_s,mlups,cache_refs,cache_misses,l1d_misses,llc_loads,llc_misses,miss_source
48,1,close,1,1.7,0.009137,2130.537,17495033,879523,10711019,nan,nan,perf
48,1,close,2,1.7,0.008949,2175.302,17552988,891298,10705143,nan,nan,perf
48,1,close,3,1.7,0.012163,1600.483,17494145,874042,10706050,nan,nan,perf
48,1,close,4,1.7,0.008961,2172.483,17591756,897540,10714341,nan,nan,perf
48,1,close,5,1.7,0.008956,2173.621,17602148,897125,10715855,nan,nan,perf
48,8,close,1,1.7,0.008632,2255.308,25023821,1991159,12860938,nan,nan,perf
48,8,close,2,1.7,0.008509,2287.902,24959981,1982089,12852980,nan,nan,perf
48,8,close,3,1.7,0.008356,2329.727,24943425,2006540,12849179,nan,nan,perf
48,8,close,4,1.7,0.008521,2284.636,24929397,2015610,12820078,nan,nan,perf
48,8,close,5,1.7,0.008475,2296.921,24975501,2012513,12818179,nan,nan,perf
64,1,close,1,4.0,0.020638,2309.610,41304656,1479803,25668558,nan,nan,perf
64,1,close,2,4.0,0.020512,2323.846,40940080,1484932,25661184,nan,nan,perf
64,1,close,3,4.0,0.020423,2333.923,40868509,1459767,25618758,nan,nan,perf
64,1,close,4,4.0,0.020466,2329.049,40927174,1462796,25666985,nan,nan,perf
64,1,close,5,4.0,0.020352,2342.054,41283537,1509987,25663581,nan,nan,perf
64,8,close,1,4.0,0.019192,2483.675,57172540,3562194,30237992,nan,nan,perf
64,8,close,2,4.0,0.018953,2514.939,58336362,3993721,30073803,nan,nan,perf
64,8,close,3,4.0,0.018835,2530.753,58362270,3899879,30106396,nan,nan,perf
64,8,close,4,4.0,0.019088,2497.179,58209527,3974363,30019116,nan,nan,perf
64,8,close,5,4.0,0.019216,2480.548,58294575,3985113,30039523,nan,nan,perf
80,1,close,1,7.8,0.040662,2334.129,79215056,2340819,49941956,nan,nan,perf
80,1,close,2,7.8,0.040766,2328.187,80348265,2476931,49969870,nan,nan,perf
80,1,close,3,7.8,0.040502,2343.349,80451006,2517828,49967363,nan,nan,perf
80,1,close,4,7.8,0.040650,2334.816,80298212,2381882,49947705,nan,nan,perf
80,1,close,5,7.8,0.040632,2335.840,79754391,2327597,49959701,nan,nan,perf
80,8,close,1,7.8,0.037577,2525.759,111092007,6342123,58872915,nan,nan,perf
80,8,close,2,7.8,0.036834,2576.685,111025541,6285311,58999990,nan,nan,perf
80,8,close,3,7.8,0.037368,2539.851,111070505,6452137,58769138,nan,nan,perf
80,8,close,4,7.8,0.037526,2529.221,111028849,6300887,58956890,nan,nan,perf
80,8,close,5,7.8,0.037884,2505.292,111152307,6200429,59028768,nan,nan,perf
96,1,close,1,13.5,0.071750,2315.226,145066999,4381681,86945589,nan,nan,perf
96,1,close,2,13.5,0.070253,2364.547,146181960,4251538,86861778,nan,nan,perf
96,1,close,3,13.5,0.070051,2371.371,144636344,4191456,86846143,nan,nan,perf
96,1,close,4,13.5,0.070288,2363.377,145225685,4395093,86847432,nan,nan,perf
96,1,close,5,13.5,0.070089,2370.079,145215837,4338097,86898866,nan,nan,perf
96,8,close,1,13.5,0.066495,2498.170,191040221,11771286,101570375,nan,nan,perf
96,8,close,2,13.5,0.065756,2526.256,192445806,12381630,100811945,nan,nan,perf
96,8,close,3,13.5,0.065647,2530.460,190967051,11681523,101532266,nan,nan,perf
96,8,close,4,13.5,0.065829,2523.471,191044587,11588808,101600256,nan,nan,perf
96,8,close,5,13.5,0.065972,2517.978,191379763,11438534,101842947,nan,nan,perf
112,1,close,1,21.4,0.115494,2304.886,245818479,6600374,138107956,nan,nan,perf
112,1,close,2,21.4,0.115851,2297.770,247307298,7236846,138130163,nan,nan,perf
112,1,close,3,21.4,0.115960,2295.610,247261880,6825158,138125185,nan,nan,perf
112,1,close,4,21.4,0.116034,2294.147,248379840,7288205,138149319,nan,nan,perf
112,1,close,5,21.4,0.115943,2295.959,248262560,6870317,138107539,nan,nan,perf
112,8,close,1,21.4,0.105423,2525.059,306026819,15356621,163926062,nan,nan,perf
112,8,close,2,21.4,0.105428,2524.937,305659671,15714539,163584908,nan,nan,perf
112,8,close,3,21.4,0.107130,2484.836,305966659,15434708,163852456,nan,nan,perf
112,8,close,4,21.4,0.108338,2457.130,305617181,15576794,163747442,nan,nan,perf
112,8,close,5,21.4,0.106421,2501.386,305732162,15594113,163767168,nan,nan,perf
128,1,close,1,32.0,0.208157,1921.988,393416574,9660018,207016874,nan,nan,perf
128,1,close,2,32.0,0.208257,1921.067,393097392,9951001,206982446,nan,nan,perf
128,1,close,3,32.0,0.206180,1940.412,393505700,9704307,207031027,nan,nan,perf
128,1,close,4,32.0,0.205573,1946.151,393470897,10007329,207171020,nan,nan,perf
128,1,close,5,32.0,0.206964,1933.069,394794937,9864531,207031946,nan,nan,perf
128,8,close,1,32.0,0.165305,2420.227,455121676,25940059,243133666,nan,nan,perf
128,8,close,2,32.0,0.165756,2413.642,455178345,25956928,243170659,nan,nan,perf
128,8,close,3,32.0,0.169043,2366.711,455411959,25714272,243412457,nan,nan,perf
128,8,close,4,32.0,0.166143,2408.019,455401611,25837702,243488214,nan,nan,perf
128,8,close,5,32.0,0.167634,2386.593,455678528,25513389,243666642,nan,nan,perf
144,1,close,1,45.6,0.348206,1644.594,584197702,12702986,294943118,nan,nan,perf
144,1,close,2,45.6,0.342552,1671.739,585310613,12718278,294929658,nan,nan,perf
144,1,close,3,45.6,0.344322,1663.146,584228302,12600387,294957642,nan,nan,perf
144,1,close,4,45.6,0.341681,1676.002,590147163,12356451,299681606,nan,nan,perf
144,1,close,5,45.6,0.343665,1666.324,585130535,12988023,294973788,nan,nan,perf
144,8,close,1,45.6,0.260524,2198.102,651923290,32122258,349500093,nan,nan,perf
144,8,close,2,45.6,0.260925,2194.724,651354217,32590922,349003165,nan,nan,perf
144,8,close,3,45.6,0.263934,2169.700,650770136,32894911,348709958,nan,nan,perf
144,8,close,4,45.6,0.262053,2185.276,656602488,33112368,354231395,nan,nan,perf
144,8,close,5,45.6,0.262049,2185.303,651732070,32284033,349361576,nan,nan,perf
160,1,close,1,62.5,0.543804,1450.639,828542814,16519692,415560035,nan,nan,perf
160,1,close,2,62.5,0.539933,1461.037,823307830,16465276,410651850,nan,nan,perf
160,1,close,3,62.5,0.539742,1461.553,819064715,16905470,406509013,nan,nan,perf
160,1,close,4,62.5,0.543028,1452.710,818876701,16648809,406189852,nan,nan,perf
160,1,close,5,62.5,0.542205,1454.916,819940501,16637043,406246743,nan,nan,perf
160,8,close,1,62.5,0.379537,2078.485,892325429,53528028,479166509,nan,nan,perf
160,8,close,2,62.5,0.380231,2074.695,889902309,52830548,476566289,nan,nan,perf
160,8,close,3,62.5,0.383371,2057.697,889909973,52398801,476513816,nan,nan,perf
160,8,close,4,62.5,0.387344,2036.595,889746406,51215630,475912292,nan,nan,perf
160,8,close,5,62.5,0.379558,2078.369,891694386,53022694,478374812,nan,nan,perf
192,1,close,1,108.0,0.936056,1465.511,1434056453,23951011,710546882,nan,nan,perf
192,1,close,2,108.0,0.939565,1460.038,1428539673,23965365,705645259,nan,nan,perf
192,1,close,3,108.0,0.939993,1459.373,1434515414,24103786,710902521,nan,nan,perf
192,1,close,4,108.0,0.939820,1459.641,1427807796,24095144,705187963,nan,nan,perf
192,1,close,5,108.0,0.937516,1463.229,1431820135,23639539,708595676,nan,nan,perf
192,8,close,1,108.0,0.622870,2202.386,1545906078,84052997,830059958,nan,nan,perf
192,8,close,2,108.0,0.626034,2191.253,1544545207,82917252,828693511,nan,nan,perf
192,8,close,3,108.0,0.623831,2198.992,1545879846,83704075,830057988,nan,nan,perf
192,8,close,4,108.0,0.619005,2216.137,1543221596,82899258,827281958,nan,nan,perf
192,8,close,5,108.0,0.618770,2216.979,1544073064,84386620,828071872,nan,nan,perf
224,1,close,1,171.5,1.466256,1492.379,2272968158,35548337,1122829376,nan,nan,perf
224,1,close,2,171.5,1.467114,1491.507,2272572328,35334029,1123111190,nan,nan,perf
224,1,close,3,171.5,1.467082,1491.539,2272768011,35422056,1122576080,nan,nan,perf
224,1,close,4,171.5,1.466875,1491.749,2271280753,35461291,1121090481,nan,nan,perf
224,1,close,5,171.5,1.469985,1488.593,2271212024,35676727,1120955703,nan,nan,perf
224,8,close,1,171.5,0.849344,2576.352,2433855478,120753311,1295026272,nan,nan,perf
224,8,close,2,171.5,0.848919,2577.642,2432399838,121790883,1293717776,nan,nan,perf
224,8,close,3,171.5,0.851821,2568.861,2434662306,118845307,1295813683,nan,nan,perf
224,8,close,4,171.5,0.845848,2587.002,2433081127,121830952,1294567666,nan,nan,perf
224,8,close,5,171.5,0.847269,2582.663,2432336495,121903862,1294130140,nan,nan,perf
256,1,close,1,256.0,3.036839,1079.219,4143074842,64617531,2308793144,nan,nan,perf
256,1,close,2,256.0,2.984910,1097.994,4336961993,62771968,2463894575,nan,nan,perf
256,1,close,3,256.0,2.997809,1093.269,4126012317,64657886,2301958881,nan,nan,perf
256,1,close,4,256.0,2.614033,1253.777,4121186031,64886200,2297790013,nan,nan,perf
256,1,close,5,256.0,2.866936,1143.176,4157876857,64911557,2326304963,nan,nan,perf
256,8,close,1,256.0,1.281251,2557.978,4452778473,196281528,2675762603,nan,nan,perf
256,8,close,2,256.0,1.285460,2549.604,4444217822,196961094,2668096789,nan,nan,perf
256,8,close,3,256.0,1.288944,2542.712,4435731687,196605557,2659904694,nan,nan,perf
256,8,close,4,256.0,1.284948,2550.620,4458724750,195314256,2681370609,nan,nan,perf
256,8,close,5,256.0,1.286487,2547.567,4412532108,198038535,2639098495,nan,nan,perf
320,1,close,1,500.0,4.506608,1427.123,6828746220,106184292,3441917946,nan,nan,perf
320,1,close,2,500.0,4.502720,1428.356,6829950974,107507455,3442306292,nan,nan,perf
320,1,close,3,500.0,4.501801,1428.647,6829165578,107534637,3442844666,nan,nan,perf
320,1,close,4,500.0,4.519094,1423.180,6831174032,107332760,3442685018,nan,nan,perf
320,1,close,5,500.0,4.512740,1425.184,6836633062,108880722,3445778640,nan,nan,perf
320,8,close,1,500.0,2.484112,2589.049,6806174933,427992857,3458477741,nan,nan,perf
320,8,close,2,500.0,2.466929,2607.082,6809571456,406512571,3461546317,nan,nan,perf
320,8,close,3,500.0,2.472854,2600.835,6807181846,404303831,3459421503,nan,nan,perf
320,8,close,4,500.0,2.472304,2601.414,6808603567,402440970,3460394431,nan,nan,perf
320,8,close,5,500.0,2.472659,2601.041,6805480838,415292731,3457329768,nan,nan,perf
400,1,close,1,976.6,9.188559,1372.245,13639744078,689864786,6533475168,nan,nan,perf
400,1,close,2,976.6,9.112370,1383.719,13719440491,758604241,6539276648,nan,nan,perf
400,1,close,3,976.6,9.165698,1375.668,13707869912,749281334,6536242514,nan,nan,perf
400,1,close,4,976.6,9.134269,1380.401,13684329764,719176598,6538386831,nan,nan,perf
400,1,close,5,976.6,9.087195,1387.552,13651642631,692371158,6536163013,nan,nan,perf
400,8,close,1,976.6,5.224907,2413.241,12924480462,906554720,6599074977,nan,nan,perf
400,8,close,2,976.6,5.219730,2415.634,12924272051,901508848,6599472176,nan,nan,perf
400,8,close,3,976.6,5.196369,2426.494,12923175005,908173268,6599460152,nan,nan,perf
400,8,close,4,976.6,5.198798,2425.360,12930963485,904804094,6599899299,nan,nan,perf
400,8,close,5,976.6,5.213417,2418.559,12910617730,916999932,6599968139,nan,nan,perf
