version,variant,N,iters,threads,schedule,bind,first_touch,rep,time_s,mlups,gbs,energy_pkg_j,energy_dram_j,checksum,freq_mhz,energy_source
omp,2,256,100,24,static,close,1,1,0.546017,3001.201,48.019,126.110,nan,26040196.52,2972,perf-pkg
omp,2,1000,30,24,static,close,1,3,15.199673,1961.908,31.391,2115.850,nan,249276035.6,2459,perf-pkg
omp,2,96,2000,24,static,close,0,9,0.073576,22577.605,361.242,152.600,nan,10583177.5,2889,perf-pkg
omp,2,256,100,24,static,close,0,9,0.544126,3011.628,48.186,148.720,nan,26040196.52,2873,perf-pkg
omp,2,256,100,24,static,close,0,2,0.543302,3016.200,48.259,128.770,nan,26040196.52,2810,perf-pkg
omp,2,256,100,2,static,close,1,10,0.800036,2048.290,32.773,94.250,nan,26040196.52,2045,perf-pkg
omp,2,256,100,16,static,close,0,3,0.552839,2964.168,47.427,123.820,nan,26040196.52,2547,perf-pkg
omp,2,1000,30,24,static,close,0,8,14.919594,1998.738,31.980,2135.150,nan,249276035.6,2465,perf-pkg
seq,2,256,100,1,static,false,0,1,1.344572,1218.757,19.500,nan,nan,26040196.52,1942,none
omp,2,1000,30,12,static,close,1,2,16.805914,1774.397,28.390,1767.880,nan,249276035.6,2260,perf-pkg
omp,2,1000,30,12,static,close,0,1,16.877626,1766.857,28.270,1742.470,nan,249276035.6,2433,perf-pkg
omp,2,256,100,4,static,close,1,6,0.785894,2085.149,33.362,145.590,nan,26040196.52,2355,perf-pkg
omp,2,96,2000,48,static,close,0,9,0.064335,25820.765,413.132,121.710,nan,10583177.5,2741,perf-pkg
seq,2,1000,30,1,static,false,1,10,25.772947,1157.041,18.513,nan,nan,249276035.6,2020,none
seq,2,256,100,1,static,false,0,2,1.402105,1168.747,18.700,nan,nan,26040196.52,1993,none
omp,2,256,100,16,static,close,0,9,0.546284,2999.731,47.996,112.200,nan,26040196.52,2185,perf-pkg
seq,2,1000,30,1,static,false,0,5,26.700964,1116.827,17.869,nan,nan,249276035.6,1948,none
omp,2,1000,30,12,static,close,1,6,16.797508,1775.285,28.405,1738.900,nan,249276035.6,2086,perf-pkg
omp,2,96,2000,6,static,close,1,9,0.124183,13376.732,214.028,112.630,nan,10583177.5,2673,perf-pkg
omp,2,256,100,24,static,close,0,7,0.544623,3008.883,48.142,135.500,nan,26040196.52,2695,perf-pkg
omp,2,1000,30,2,static,close,0,2,22.826819,1306.374,20.902,1758.070,nan,249276035.6,1976,perf-pkg
omp,2,256,100,12,static,close,1,10,0.580046,2825.131,45.202,117.120,nan,26040196.52,2418,perf-pkg
omp,2,256,100,16,static,close,0,1,0.556771,2943.231,47.092,117.360,nan,26040196.52,1994,perf-pkg
omp,2,96,2000,48,static,close,1,4,0.061012,27226.818,435.629,118.640,nan,10583177.5,3088,perf-pkg
omp,2,256,100,12,static,close,1,3,0.579114,2829.676,45.275,114.210,nan,26040196.52,2520,perf-pkg
omp,2,96,2000,12,static,close,1,5,0.083386,19921.540,318.745,116.420,nan,10583177.5,2685,perf-pkg
omp,2,256,100,16,static,close,1,7,0.552632,2965.278,47.444,112.510,nan,26040196.52,2695,perf-pkg
omp,2,1000,30,4,static,close,0,9,23.827985,1251.485,20.024,1681.080,nan,249276035.6,2242,perf-pkg
omp,2,256,100,8,static,close,0,4,0.693098,2364.323,37.829,131.390,nan,26040196.52,2544,perf-pkg
omp,2,256,100,6,static,close,0,5,0.818467,2002.166,32.035,121.590,nan,26040196.52,2439,perf-pkg
omp,2,96,2000,16,static,close,1,4,0.070933,23418.907,374.703,118.120,nan,10583177.5,2868,perf-pkg
omp,2,256,100,8,static,close,1,4,0.699378,2343.092,37.489,133.580,nan,26040196.52,2396,perf-pkg
omp,2,1000,30,24,static,close,1,1,15.170226,1965.716,31.451,2009.200,nan,249276035.6,2376,perf-pkg
omp,2,256,100,8,static,close,1,3,0.697682,2348.786,37.581,135.250,nan,26040196.52,2644,perf-pkg
omp,2,96,2000,6,static,close,1,4,0.125148,13273.647,212.378,119.610,nan,10583177.5,2491,perf-pkg
omp,2,96,2000,48,static,close,0,4,0.065023,25547.486,408.760,119.660,nan,10583177.5,2637,perf-pkg
omp,2,96,2000,8,static,close,1,5,0.112262,14797.268,236.756,120.360,nan,10583177.5,2773,perf-pkg
omp,2,96,2000,12,static,close,0,4,0.085850,19349.743,309.596,116.530,nan,10583177.5,2880,perf-pkg
omp,2,1000,30,4,static,close,1,9,24.043680,1240.258,19.844,1742.760,nan,249276035.6,2190,perf-pkg
omp,2,96,2000,6,static,close,0,1,0.124557,13336.662,213.387,111.790,nan,10583177.5,2489,perf-pkg
omp,2,1000,30,8,static,close,1,6,20.921534,1425.343,22.805,1691.790,nan,249276035.6,2153,perf-pkg
omp,2,1000,30,12,static,close,1,1,16.806296,1774.356,28.390,1722.190,nan,249276035.6,2569,perf-pkg
omp,2,256,100,48,static,close,0,9,0.581156,2819.736,45.116,155.770,nan,26040196.52,2843,perf-pkg
omp,2,1000,30,16,static,close,0,9,16.000074,1863.764,29.820,1798.170,nan,249276035.6,2437,perf-pkg
omp,2,96,2000,16,static,close,0,4,0.073581,22576.172,361.219,117.600,nan,10583177.5,2815,perf-pkg
omp,2,96,2000,4,static,close,1,4,0.182798,9087.445,145.399,121.960,nan,10583177.5,2683,perf-pkg
omp,2,256,100,48,static,close,1,8,0.586280,2795.091,44.721,144.600,nan,26040196.52,2936,perf-pkg
omp,2,96,2000,12,static,close,0,3,0.083730,19839.623,317.434,118.860,nan,10583177.5,2483,perf-pkg
seq,2,96,2000,1,static,false,1,1,0.710380,2338.421,37.415,nan,nan,10583177.5,2330,none
omp,2,1000,30,48,static,close,0,4,15.390822,1937.542,31.001,2178.870,nan,249276035.6,2812,perf-pkg
omp,2,256,100,48,static,close,0,4,0.602242,2721.011,43.536,171.540,nan,26040196.52,2693,perf-pkg
omp,2,1000,30,6,static,close,0,7,25.219492,1182.433,18.919,1666.660,nan,249276035.6,2157,perf-pkg
omp,2,96,2000,6,static,close,1,5,0.125026,13286.566,212.585,112.090,nan,10583177.5,2527,perf-pkg
omp,2,96,2000,48,static,close,0,6,0.063573,26130.256,418.084,116.580,nan,10583177.5,2805,perf-pkg
omp,2,1000,30,16,static,close,0,7,15.991640,1864.747,29.836,1827.690,nan,249276035.6,2255,perf-pkg
omp,2,1000,30,6,static,close,0,5,25.196304,1183.521,18.936,1677.170,nan,249276035.6,2257,perf-pkg
seq,2,1000,30,1,static,false,0,9,26.231087,1136.833,18.189,nan,nan,249276035.6,2008,none
seq,2,1000,30,1,static,false,1,2,26.582610,1121.800,17.949,nan,nan,249276035.6,1960,none
omp,2,96,2000,48,static,close,1,8,0.061238,27126.296,434.021,115.170,nan,10583177.5,2670,perf-pkg
omp,2,256,100,8,static,close,1,8,0.694994,2357.872,37.726,129.560,nan,26040196.52,2227,perf-pkg
omp,2,96,2000,1,static,close,0,5,0.695002,2390.162,38.243,57.410,nan,10583177.5,2396,perf-pkg
seq,2,256,100,1,static,false,0,7,1.331814,1230.432,19.687,nan,nan,26040196.52,2117,none
omp,2,1000,30,12,static,close,0,7,16.859872,1768.718,28.299,1654.590,nan,249276035.6,2291,perf-pkg
omp,2,256,100,2,static,close,1,2,0.849553,1928.904,30.862,86.630,nan,26040196.52,2257,perf-pkg
omp,2,1000,30,8,static,close,1,10,20.887770,1427.647,22.842,1658.670,nan,249276035.6,2384,perf-pkg
seq,2,96,2000,1,static,false,0,2,0.721595,2302.077,36.833,nan,nan,10583177.5,2208,none
omp,2,1000,30,6,static,close,1,9,25.261680,1180.458,18.887,1701.590,nan,249276035.6,2152,perf-pkg
omp,2,96,2000,16,static,close,1,6,0.071260,23311.316,372.981,112.160,nan,10583177.5,2753,perf-pkg
seq,2,256,100,1,static,false,0,4,2.162094,757.925,12.127,nan,nan,26040196.52,1999,none
omp,2,256,100,24,static,close,0,6,0.565110,2899.803,46.397,135.850,nan,26040196.52,2596,perf-pkg
omp,2,256,100,8,static,close,1,1,0.699693,2342.036,37.473,135.780,nan,26040196.52,2280,perf-pkg
omp,2,96,2000,8,static,close,0,8,0.109283,15200.663,243.211,116.590,nan,10583177.5,2588,perf-pkg
omp,2,256,100,16,static,close,0,6,0.565108,2899.812,46.397,114.060,nan,26040196.52,2915,perf-pkg
omp,2,256,100,12,static,close,0,6,0.574284,2853.480,45.656,109.680,nan,26040196.52,2277,perf-pkg
omp,2,256,100,1,static,close,0,6,1.243177,1318.161,21.091,110.520,nan,26040196.52,2103,perf-pkg
omp,2,256,100,12,static,close,1,8,0.580056,2825.085,45.201,113.500,nan,26040196.52,2790,perf-pkg
omp,2,1000,30,6,static,close,1,4,25.267853,1180.170,18.883,1712.860,nan,249276035.6,2219,perf-pkg
omp,2,1000,30,4,static,close,0,10,23.804639,1252.712,20.043,1692.470,nan,249276035.6,2192,perf-pkg
seq,2,1000,30,1,static,false,0,6,25.803171,1155.686,18.491,nan,nan,249276035.6,2010,none
omp,2,1000,30,8,static,close,0,10,20.841918,1430.788,22.893,1630.570,nan,249276035.6,2156,perf-pkg
omp,2,256,100,24,static,close,1,3,0.530636,3088.192,49.411,119.090,nan,26040196.52,2786,perf-pkg
omp,2,256,100,16,static,close,0,10,0.549602,2981.625,47.706,107.470,nan,26040196.52,2624,perf-pkg
omp,2,1000,30,48,static,close,0,1,15.368307,1940.380,31.046,2119.710,nan,249276035.6,3078,perf-pkg
omp,2,256,100,1,static,close,0,1,1.321377,1240.150,19.842,120.030,nan,26040196.52,2235,perf-pkg
omp,2,1000,30,6,static,close,0,8,25.218522,1182.478,18.920,1665.710,nan,249276035.6,1836,perf-pkg
omp,2,256,100,4,static,close,0,1,0.782796,2093.402,33.494,153.570,nan,26040196.52,2414,perf-pkg
omp,2,1000,30,16,static,close,1,1,15.990365,1864.895,29.838,1787.500,nan,249276035.6,2262,perf-pkg
omp,2,256,100,12,static,close,0,5,0.578915,2830.651,45.290,128.080,nan,26040196.52,2452,perf-pkg
omp,2,1000,30,24,static,close,0,5,14.938641,1996.190,31.939,2031.620,nan,249276035.6,2377,perf-pkg
omp,2,1000,30,4,static,close,1,5,24.094533,1237.640,19.802,1755.360,nan,249276035.6,2085,perf-pkg
seq,2,256,100,1,static,false,0,8,1.414488,1158.516,18.536,nan,nan,26040196.52,2143,none
omp,2,256,100,8,static,close,0,9,0.698433,2346.260,37.540,130.260,nan,26040196.52,2432,perf-pkg
omp,2,256,100,48,static,close,1,7,0.614207,2668.002,42.688,129.630,nan,26040196.52,2827,perf-pkg
omp,2,256,100,6,static,close,0,9,0.825131,1985.995,31.776,126.270,nan,26040196.52,2524,perf-pkg
omp,2,96,2000,24,static,close,1,9,0.067157,24735.671,395.771,138.450,nan,10583177.5,2750,perf-pkg
omp,2,256,100,2,static,close,0,5,0.851891,1923.610,30.778,92.590,nan,26040196.52,2057,perf-pkg
omp,2,96,2000,1,static,close,1,6,0.701063,2369.499,37.912,58.660,nan,10583177.5,2339,perf-pkg
omp,2,1000,30,6,static,close,0,10,25.209619,1182.896,18.926,1671.860,nan,249276035.6,2641,perf-pkg
omp,2,96,2000,48,static,close,0,8,0.073023,22748.624,363.978,121.930,nan,10583177.5,2667,perf-pkg
omp,2,256,100,48,static,close,0,2,0.598277,2739.045,43.825,177.780,nan,26040196.52,2870,perf-pkg
omp,2,256,100,4,static,close,1,4,0.788511,2078.228,33.252,144.280,nan,26040196.52,2395,perf-pkg
omp,2,1000,30,1,static,close,0,8,25.812716,1155.259,18.484,2140.020,nan,249276035.6,2146,perf-pkg
omp,2,96,2000,24,static,close,0,4,0.067917,24458.916,391.343,123.700,nan,10583177.5,2857,perf-pkg
omp,2,1000,30,1,static,close,1,10,25.869378,1152.728,18.444,2156.550,nan,249276035.6,2118,perf-pkg
omp,2,1000,30,4,static,close,1,4,24.032826,1240.818,19.853,1715.540,nan,249276035.6,2113,perf-pkg
omp,2,1000,30,6,static,close,1,7,25.265376,1180.286,18.885,1666.300,nan,249276035.6,1906,perf-pkg
omp,2,96,2000,8,static,close,0,4,0.110066,15092.480,241.480,111.590,nan,10583177.5,2429,perf-pkg
omp,2,256,100,6,static,close,1,7,0.824150,1988.360,31.814,125.370,nan,26040196.52,2511,perf-pkg
omp,2,96,2000,48,static,close,0,2,0.064680,25682.820,410.925,134.460,nan,10583177.5,2902,perf-pkg
omp,2,1000,30,6,static,close,0,4,25.213314,1182.723,18.924,1671.010,nan,249276035.6,2156,perf-pkg
omp,2,96,2000,12,static,close,1,4,0.081540,20372.510,325.960,117.760,nan,10583177.5,2411,perf-pkg
omp,2,96,2000,8,static,close,0,6,0.113575,14626.177,234.019,110.480,nan,10583177.5,2383,perf-pkg
omp,2,1000,30,24,static,close,1,9,15.159466,1967.112,31.474,1988.670,nan,249276035.6,2419,perf-pkg
omp,2,96,2000,48,static,close,1,2,0.063415,26195.181,419.123,131.640,nan,10583177.5,2788,perf-pkg
omp,2,256,100,16,static,close,1,10,0.552153,2967.847,47.486,120.530,nan,26040196.52,2943,perf-pkg
omp,2,1000,30,48,static,close,1,6,15.553805,1917.239,30.676,2155.110,nan,249276035.6,2766,perf-pkg
omp,2,96,2000,4,static,close,0,4,0.187248,8871.483,141.944,143.420,nan,10583177.5,2837,perf-pkg
omp,2,1000,30,8,static,close,1,3,20.900868,1426.752,22.828,1684.190,nan,249276035.6,2268,perf-pkg
omp,2,96,2000,8,static,close,1,4,0.111489,14899.841,238.397,111.000,nan,10583177.5,2381,perf-pkg
omp,2,256,100,6,static,close,0,8,0.910889,1799.018,28.784,136.590,nan,26040196.52,2346,perf-pkg
omp,2,1000,30,4,static,close,0,7,23.820317,1251.888,20.030,1688.010,nan,249276035.6,1980,perf-pkg
omp,2,1000,30,2,static,close,0,9,22.757927,1310.328,20.965,1737.690,nan,249276035.6,1891,perf-pkg
omp,2,256,100,12,static,close,0,3,0.581445,2818.332,45.093,129.010,nan,26040196.52,2490,perf-pkg
omp,2,256,100,48,static,close,0,7,0.607947,2695.475,43.128,130.660,nan,26040196.52,2783,perf-pkg
omp,2,1000,30,2,static,close,1,8,22.997551,1296.675,20.747,1783.120,nan,249276035.6,1920,perf-pkg
omp,2,256,100,4,static,close,1,7,0.788141,2079.204,33.267,142.530,nan,26040196.52,2511,perf-pkg
omp,2,256,100,24,static,close,0,5,0.532866,3075.267,49.204,118.160,nan,26040196.52,2657,perf-pkg
omp,2,96,2000,1,static,close,1,4,0.695433,2388.682,38.219,59.050,nan,10583177.5,2279,perf-pkg
omp,2,1000,30,12,static,close,0,6,16.854117,1769.322,28.309,1664.950,nan,249276035.6,2337,perf-pkg
omp,2,96,2000,48,static,close,0,3,0.066142,25115.041,401.841,122.370,nan,10583177.5,3020,perf-pkg
omp,2,256,100,2,static,close,0,6,0.847423,1933.752,30.940,90.860,nan,26040196.52,2266,perf-pkg
omp,2,96,2000,16,static,close,1,7,0.071570,23210.286,371.365,116.160,nan,10583177.5,2539,perf-pkg
omp,2,256,100,24,static,close,1,7,0.540110,3034.023,48.544,118.770,nan,26040196.52,2444,perf-pkg
omp,2,256,100,1,static,close,1,2,1.326069,1235.762,19.772,123.680,nan,26040196.52,2272,perf-pkg
seq,2,256,100,1,static,false,1,10,1.355671,1208.779,19.340,nan,nan,26040196.52,2065,none
omp,2,1000,30,16,static,close,0,6,15.995255,1864.325,29.829,1777.440,nan,249276035.6,2374,perf-pkg
omp,2,1000,30,16,static,close,0,5,16.004930,1863.198,29.811,1782.950,nan,249276035.6,2549,perf-pkg
omp,2,1000,30,12,static,close,0,4,16.860128,1768.691,28.299,1688.060,nan,249276035.6,2003,perf-pkg
omp,2,256,100,8,static,close,1,7,0.693419,2363.226,37.812,132.280,nan,26040196.52,2333,perf-pkg
omp,2,1000,30,48,static,close,1,3,15.510951,1922.536,30.761,2156.100,nan,249276035.6,2937,perf-pkg
omp,2,96,2000,2,static,close,1,8,0.355932,4667.098,74.674,112.120,nan,10583177.5,2995,perf-pkg
omp,2,256,100,1,static,close,1,9,1.196750,1369.298,21.909,98.020,nan,26040196.52,2220,perf-pkg
omp,2,1000,30,1,static,close,0,5,25.815103,1155.152,18.482,2202.530,nan,249276035.6,2157,perf-pkg
omp,2,1000,30,1,static,close,0,2,25.827629,1154.591,18.473,2185.480,nan,249276035.6,2261,perf-pkg
omp,2,1000,30,8,static,close,1,9,20.906643,1426.358,22.822,1667.530,nan,249276035.6,2037,perf-pkg
omp,2,256,100,8,static,close,1,6,0.697479,2349.469,37.592,134.860,nan,26040196.52,2482,perf-pkg
omp,2,1000,30,6,static,close,1,10,25.266722,1180.223,18.884,1717.400,nan,249276035.6,2219,perf-pkg
omp,2,1000,30,6,static,close,1,3,25.271578,1179.996,18.880,1662.910,nan,249276035.6,2304,perf-pkg
omp,2,1000,30,16,static,close,1,5,16.003886,1863.320,29.813,1813.810,nan,249276035.6,2693,perf-pkg
seq,2,96,2000,1,static,false,1,7,0.709098,2342.650,37.482,nan,nan,10583177.5,2630,none
omp,2,1000,30,24,static,close,0,1,15.039444,1982.810,31.725,2035.610,nan,249276035.6,2342,perf-pkg
omp,2,96,2000,12,static,close,0,8,0.090815,18291.849,292.670,113.840,nan,10583177.5,2557,perf-pkg
omp,2,96,2000,12,static,close,0,2,0.082715,20083.038,321.329,114.630,nan,10583177.5,2782,perf-pkg
omp,2,96,2000,16,static,close,0,9,0.074055,22431.539,358.905,121.000,nan,10583177.5,2549,perf-pkg
omp,2,96,2000,2,static,close,0,2,0.350042,4745.631,75.930,110.080,nan,10583177.5,2398,perf-pkg
omp,2,256,100,16,static,close,1,2,0.558162,2935.899,46.974,116.110,nan,26040196.52,2312,perf-pkg
omp,2,96,2000,4,static,close,1,3,0.185908,8935.426,142.967,127.570,nan,10583177.5,2383,perf-pkg
omp,2,256,100,48,static,close,0,6,0.670436,2444.239,39.108,132.180,nan,26040196.52,2788,perf-pkg
omp,2,256,100,24,static,close,0,1,0.535069,3062.606,49.002,122.000,nan,26040196.52,2902,perf-pkg
omp,2,96,2000,4,static,close,1,6,0.182043,9125.152,146.002,127.260,nan,10583177.5,2458,perf-pkg
omp,2,1000,30,8,static,close,0,9,20.819130,1432.354,22.918,1660.630,nan,249276035.6,2207,perf-pkg
omp,2,1000,30,2,static,close,0,4,22.794504,1308.226,20.932,1740.750,nan,249276035.6,1893,perf-pkg
omp,2,96,2000,16,static,close,1,1,0.072820,22811.865,364.990,115.680,nan,10583177.5,2588,perf-pkg
omp,2,256,100,2,static,close,1,1,0.854814,1917.033,30.673,90.290,nan,26040196.52,2340,perf-pkg
omp,2,1000,30,8,static,close,0,5,20.824028,1432.017,22.912,1654.300,nan,249276035.6,2117,perf-pkg
omp,2,96,2000,4,static,close,1,1,0.181069,9174.213,146.787,116.180,nan,10583177.5,2500,perf-pkg
omp,2,256,100,1,static,close,0,8,1.310345,1250.591,20.009,171.810,nan,26040196.52,2168,perf-pkg
omp,2,256,100,1,static,close,1,7,1.156921,1416.437,22.663,97.290,nan,26040196.52,2068,perf-pkg
omp,2,256,100,16,static,close,1,9,0.552352,2966.781,47.468,109.200,nan,26040196.52,2465,perf-pkg
omp,2,96,2000,12,static,close,1,1,0.082062,20242.915,323.887,111.120,nan,10583177.5,2433,perf-pkg
omp,2,256,100,12,static,close,1,7,0.582025,2815.527,45.048,113.530,nan,26040196.52,2466,perf-pkg
omp,2,96,2000,2,static,close,1,10,0.354332,4688.170,75.011,114.440,nan,10583177.5,2413,perf-pkg
omp,2,1000,30,4,static,close,1,1,23.999806,1242.525,19.880,1732.950,nan,249276035.6,2147,perf-pkg
omp,2,96,2000,16,static,close,0,10,0.073037,22744.252,363.908,115.160,nan,10583177.5,2681,perf-pkg
omp,2,96,2000,1,static,close,1,10,0.692830,2397.658,38.363,59.980,nan,10583177.5,2152,perf-pkg
omp,2,256,100,16,static,close,1,8,0.549943,2979.777,47.676,112.490,nan,26040196.52,2884,perf-pkg
seq,2,96,2000,1,static,false,0,3,0.726296,2287.178,36.595,nan,nan,10583177.5,2449,none
omp,2,96,2000,2,static,close,1,1,0.354397,4687.303,74.997,111.800,nan,10583177.5,2275,perf-pkg
seq,2,256,100,1,static,false,0,10,1.323661,1238.011,19.808,nan,nan,26040196.52,1999,none
omp,2,1000,30,48,static,close,0,6,15.380202,1938.880,31.022,2145.190,nan,249276035.6,2770,perf-pkg
omp,2,96,2000,6,static,close,0,4,0.125102,13278.503,212.456,109.710,nan,10583177.5,2327,perf-pkg
omp,2,256,100,16,static,close,0,4,0.554072,2957.571,47.321,110.010,nan,26040196.52,2743,perf-pkg
omp,2,1000,30,12,static,close,0,5,16.857639,1768.952,28.303,1683.980,nan,249276035.6,2187,perf-pkg
omp,2,256,100,1,static,close,1,1,1.312223,1248.802,19.981,99.070,nan,26040196.52,2414,perf-pkg
omp,2,96,2000,16,static,close,1,9,0.070642,23515.387,376.246,117.640,nan,10583177.5,2586,perf-pkg
omp,2,96,2000,1,static,close,0,1,0.701746,2367.192,37.875,58.250,nan,10583177.5,2407,perf-pkg
omp,2,96,2000,4,static,close,1,2,0.180384,9209.060,147.345,118.310,nan,10583177.5,2581,perf-pkg
omp,2,1000,30,6,static,close,1,6,25.254876,1180.776,18.892,1704.940,nan,249276035.6,2080,perf-pkg
omp,2,256,100,1,static,close,1,4,1.233217,1328.806,21.261,98.460,nan,26040196.52,2184,perf-pkg
omp,2,256,100,24,static,close,0,4,0.552212,2967.530,47.480,120.970,nan,26040196.52,2435,perf-pkg
omp,2,256,100,4,static,close,1,2,0.793112,2066.174,33.059,144.390,nan,26040196.52,2555,perf-pkg
omp,2,96,2000,6,static,close,0,9,0.125057,13283.258,212.532,137.190,nan,10583177.5,2328,perf-pkg
omp,2,256,100,4,static,close,1,3,0.793988,2063.893,33.022,146.740,nan,26040196.52,2253,perf-pkg
omp,2,1000,30,4,static,close,1,8,24.104289,1237.139,19.794,1719.520,nan,249276035.6,2190,perf-pkg
omp,2,1000,30,2,static,close,1,10,22.993206,1296.920,20.751,1720.530,nan,249276035.6,2102,perf-pkg
omp,2,1000,30,48,static,close,0,8,15.437396,1931.696,30.907,2123.630,nan,249276035.6,2884,perf-pkg
omp,2,256,100,6,static,close,0,10,0.821864,1993.891,31.902,121.590,nan,26040196.52,2506,perf-pkg
omp,2,1000,30,1,static,close,1,8,25.877739,1152.356,18.438,2125.920,nan,249276035.6,1972,perf-pkg
omp,2,256,100,48,static,close,1,3,0.687257,2384.415,38.151,127.960,nan,26040196.52,2707,perf-pkg
omp,2,256,100,8,static,close,0,5,0.701582,2335.731,37.372,134.420,nan,26040196.52,2416,perf-pkg
seq,2,96,2000,1,static,false,1,10,0.702365,2365.108,37.842,nan,nan,10583177.5,2084,none
omp,2,1000,30,8,static,close,0,1,20.856626,1429.779,22.876,1616.010,nan,249276035.6,2212,perf-pkg
seq,2,96,2000,1,static,false,0,4,0.702180,2365.730,37.852,nan,nan,10583177.5,2064,none
omp,2,256,100,48,static,close,0,10,0.605056,2708.353,43.334,167.220,nan,26040196.52,2482,perf-pkg
seq,2,1000,30,1,static,false,0,7,25.537497,1167.709,18.683,nan,nan,249276035.6,1955,none
omp,2,256,100,48,static,close,1,5,0.598979,2735.835,43.773,138.190,nan,26040196.52,2766,perf-pkg
omp,2,256,100,12,static,close,0,10,0.578936,2830.549,45.289,135.880,nan,26040196.52,2593,perf-pkg
seq,2,1000,30,1,static,false,1,8,25.776173,1156.896,18.510,nan,nan,249276035.6,1897,none
omp,2,96,2000,8,static,close,0,5,0.111391,14912.899,238.606,111.310,nan,10583177.5,2449,perf-pkg
omp,2,1000,30,1,static,close,0,10,25.736829,1158.665,18.539,2097.940,nan,249276035.6,1881,perf-pkg
omp,2,1000,30,2,static,close,0,8,22.755143,1310.489,20.968,1702.030,nan,249276035.6,2026,perf-pkg
omp,2,1000,30,1,static,close,1,5,25.764791,1157.407,18.519,2114.800,nan,249276035.6,2130,perf-pkg
omp,2,1000,30,12,static,close,0,3,16.869007,1767.760,28.284,1661.410,nan,249276035.6,2135,perf-pkg
omp,2,256,100,16,static,close,0,7,0.552053,2968.386,47.494,137.230,nan,26040196.52,2817,perf-pkg
omp,2,1000,30,16,static,close,0,2,15.997325,1864.084,29.825,1765.820,nan,249276035.6,2369,perf-pkg
omp,2,96,2000,8,static,close,1,6,0.111070,14956.079,239.297,105.230,nan,10583177.5,2459,perf-pkg
omp,2,1000,30,48,static,close,0,9,15.330657,1945.146,31.122,2160.220,nan,249276035.6,2859,perf-pkg
omp,2,1000,30,16,static,close,1,6,15.987053,1865.282,29.845,1794.190,nan,249276035.6,2276,perf-pkg
omp,2,96,2000,8,static,close,0,2,0.111853,14851.415,237.623,127.460,nan,10583177.5,2640,perf-pkg
omp,2,1000,30,16,static,close,0,4,16.019759,1861.474,29.784,1826.110,nan,249276035.6,2272,perf-pkg
omp,2,96,2000,16,static,close,0,2,0.073093,22726.928,363.631,118.180,nan,10583177.5,2807,perf-pkg
omp,2,96,2000,8,static,close,1,3,0.111460,14903.747,238.460,114.020,nan,10583177.5,2390,perf-pkg
omp,2,256,100,12,static,close,0,8,0.579037,2830.053,45.281,144.030,nan,26040196.52,2510,perf-pkg
omp,2,96,2000,2,static,close,1,3,0.348402,4767.960,76.287,113.900,nan,10583177.5,2083,perf-pkg
omp,2,96,2000,1,static,close,1,7,0.690192,2406.822,38.509,58.420,nan,10583177.5,2250,perf-pkg
omp,2,256,100,1,static,close,0,9,1.440501,1137.595,18.202,219.810,nan,26040196.52,2224,perf-pkg
omp,2,256,100,6,static,close,1,8,0.825653,1984.739,31.756,122.590,nan,26040196.52,2354,perf-pkg
seq,2,1000,30,1,static,false,0,10,25.662939,1162.001,18.592,nan,nan,249276035.6,1872,none
omp,2,96,2000,12,static,close,0,7,0.083917,19795.305,316.725,115.150,nan,10583177.5,2736,perf-pkg
seq,2,256,100,1,static,false,1,3,1.339438,1223.429,19.575,nan,nan,26040196.52,2246,none
omp,2,1000,30,6,static,close,1,5,25.256555,1180.698,18.891,1727.510,nan,249276035.6,2028,perf-pkg
omp,2,96,2000,24,static,close,1,1,0.067784,24506.853,392.110,127.330,nan,10583177.5,2737,perf-pkg
omp,2,1000,30,24,static,close,1,6,15.202089,1961.596,31.386,2016.450,nan,249276035.6,2439,perf-pkg
omp,2,96,2000,1,static,close,0,6,0.690492,2405.773,38.492,58.560,nan,10583177.5,2416,perf-pkg
omp,2,256,100,8,static,close,0,3,0.704363,2326.509,37.224,136.460,nan,26040196.52,2593,perf-pkg
omp,2,256,100,12,static,close,1,6,0.579751,2826.570,45.225,127.560,nan,26040196.52,2759,perf-pkg
omp,2,96,2000,1,static,close,0,8,0.694911,2390.474,38.248,60.620,nan,10583177.5,2426,perf-pkg
omp,2,96,2000,12,static,close,1,2,0.081510,20380.015,326.080,117.420,nan,10583177.5,2948,perf-pkg
seq,2,1000,30,1,static,false,1,9,25.730286,1158.960,18.543,nan,nan,249276035.6,2038,none
seq,2,96,2000,1,static,false,0,10,0.705578,2354.335,37.669,nan,nan,10583177.5,2096,none
omp,2,256,100,1,static,close,0,3,1.317587,1243.718,19.899,104.030,nan,26040196.52,2298,perf-pkg
omp,2,256,100,4,static,close,0,4,0.795348,2060.365,32.966,143.040,nan,26040196.52,2531,perf-pkg
omp,2,256,100,16,static,close,0,5,0.555768,2948.542,47.177,111.370,nan,26040196.52,2504,perf-pkg
omp,2,96,2000,2,static,close,1,6,0.351137,4730.831,75.693,119.190,nan,10583177.5,2393,perf-pkg
omp,2,96,2000,6,static,close,0,6,0.124552,13337.098,213.394,123.170,nan,10583177.5,2657,perf-pkg
seq,2,1000,30,1,static,false,0,2,25.802839,1155.701,18.491,nan,nan,249276035.6,1889,none
omp,2,96,2000,12,static,close,1,9,0.081492,20384.422,326.151,115.420,nan,10583177.5,2424,perf-pkg
omp,2,1000,30,1,static,close,0,6,25.707275,1159.997,18.560,2137.420,nan,249276035.6,2167,perf-pkg
omp,2,256,100,8,static,close,1,9,0.696093,2354.150,37.666,132.000,nan,26040196.52,2083,perf-pkg
omp,2,96,2000,4,static,close,1,8,0.182035,9125.545,146.009,120.590,nan,10583177.5,2323,perf-pkg
omp,2,256,100,1,static,close,1,10,1.408535,1163.412,18.615,116.450,nan,26040196.52,2292,perf-pkg
omp,2,96,2000,24,static,close,1,6,0.068221,24349.910,389.599,126.370,nan,10583177.5,3248,perf-pkg
omp,2,96,2000,16,static,close,0,6,0.083738,19837.721,317.404,117.480,nan,10583177.5,3004,perf-pkg
omp,2,96,2000,6,static,close,1,3,0.125183,13269.948,212.319,112.990,nan,10583177.5,2625,perf-pkg
omp,2,256,100,6,static,close,1,2,0.821405,1995.005,31.920,121.250,nan,26040196.52,2304,perf-pkg
omp,2,256,100,1,static,close,0,7,1.325915,1235.906,19.774,103.630,nan,26040196.52,2189,perf-pkg
omp,2,96,2000,2,static,close,1,2,0.353440,4699.997,75.200,108.380,nan,10583177.5,2504,perf-pkg
omp,2,256,100,1,static,close,1,5,1.378531,1188.733,19.020,116.970,nan,26040196.52,2136,perf-pkg
omp,2,96,2000,1,static,close,1,8,0.700866,2370.165,37.923,58.170,nan,10583177.5,2259,perf-pkg
omp,2,256,100,24,static,close,0,8,0.528837,3098.701,49.579,118.570,nan,26040196.52,2666,perf-pkg
omp,2,1000,30,6,static,close,0,3,25.183034,1184.145,18.946,1655.600,nan,249276035.6,2107,perf-pkg
omp,2,96,2000,12,static,close,0,10,0.084376,19687.651,315.002,112.180,nan,10583177.5,2752,perf-pkg
omp,2,1000,30,24,static,close,1,8,15.180845,1964.341,31.429,1998.460,nan,249276035.6,1993,perf-pkg
omp,2,96,2000,24,static,close,1,4,0.067178,24727.931,395.647,124.570,nan,10583177.5,2932,perf-pkg
omp,2,1000,30,16,static,close,0,8,16.001699,1863.575,29.817,1828.870,nan,249276035.6,2208,perf-pkg
omp,2,96,2000,4,static,close,0,2,0.191682,8666.285,138.661,120.870,nan,10583177.5,2843,perf-pkg
omp,2,256,100,8,static,close,1,2,0.694839,2358.398,37.734,132.440,nan,26040196.52,2404,perf-pkg
omp,2,1000,30,6,static,close,0,1,25.211912,1182.789,18.925,1672.850,nan,249276035.6,2228,perf-pkg
omp,2,96,2000,48,static,close,1,1,0.061805,26877.382,430.038,136.320,nan,10583177.5,2843,perf-pkg
omp,2,1000,30,8,static,close,0,4,20.858234,1429.668,22.875,1641.930,nan,249276035.6,2138,perf-pkg
omp,2,256,100,4,static,close,0,10,0.785762,2085.500,33.368,153.120,nan,26040196.52,2449,perf-pkg
omp,2,256,100,24,static,close,0,10,0.535234,3061.662,48.987,129.970,nan,26040196.52,2787,perf-pkg
omp,2,96,2000,12,static,close,0,6,0.083419,19913.505,318.616,113.490,nan,10583177.5,2525,perf-pkg
omp,2,1000,30,8,static,close,1,1,20.901178,1426.731,22.828,1669.040,nan,249276035.6,2093,perf-pkg
omp,2,256,100,12,static,close,0,7,0.575017,2849.838,45.597,127.310,nan,26040196.52,2488,perf-pkg
omp,2,1000,30,12,static,close,1,8,16.812751,1773.675,28.379,1721.090,nan,249276035.6,2188,perf-pkg
omp,2,96,2000,24,static,close,0,6,0.068540,24236.385,387.782,126.340,nan,10583177.5,2638,perf-pkg
omp,2,256,100,8,static,close,0,6,0.702598,2332.354,37.318,142.940,nan,26040196.52,2596,perf-pkg
omp,2,1000,30,48,static,close,0,5,15.384057,1938.394,31.014,2219.750,nan,249276035.6,2681,perf-pkg
omp,2,96,2000,6,static,close,0,8,0.130004,12777.777,204.444,140.150,nan,10583177.5,2605,perf-pkg
seq,2,256,100,1,static,false,1,6,1.369413,1196.649,19.146,nan,nan,26040196.52,2064,none
omp,2,256,100,24,static,close,1,4,0.537713,3047.551,48.761,119.380,nan,26040196.52,2672,perf-pkg
omp,2,256,100,24,static,close,1,10,0.536364,3055.214,48.883,120.940,nan,26040196.52,2693,perf-pkg
seq,2,1000,30,1,static,false,0,8,26.024514,1145.857,18.334,nan,nan,249276035.6,2028,none
omp,2,96,2000,12,static,close,1,6,0.081682,20336.954,325.391,112.360,nan,10583177.5,2405,perf-pkg
omp,2,256,100,2,static,close,0,8,0.842825,1944.302,31.109,93.580,nan,26040196.52,2257,perf-pkg
omp,2,1000,30,1,static,close,0,7,26.325360,1132.762,18.124,2164.490,nan,249276035.6,2110,perf-pkg
omp,2,96,2000,1,static,close,1,9,0.694845,2390.705,38.251,57.410,nan,10583177.5,2324,perf-pkg
omp,2,1000,30,48,static,close,1,1,15.542600,1918.621,30.698,2133.710,nan,249276035.6,2897,perf-pkg
seq,2,256,100,1,static,false,0,3,1.306043,1254.711,20.075,nan,nan,26040196.52,1960,none
omp,2,96,2000,48,static,close,1,3,0.061623,26957.153,431.314,114.960,nan,10583177.5,2449,perf-pkg
omp,2,1000,30,4,static,close,1,2,24.065415,1239.138,19.826,1754.230,nan,249276035.6,2050,perf-pkg
omp,2,256,100,4,static,close,0,6,0.794659,2062.152,32.994,148.400,nan,26040196.52,2245,perf-pkg
seq,2,1000,30,1,static,false,1,1,25.581668,1165.693,18.651,nan,nan,249276035.6,1879,none
omp,2,96,2000,8,static,close,1,9,0.110626,15016.101,240.258,113.790,nan,10583177.5,2534,perf-pkg
omp,2,256,100,6,static,close,1,5,0.825001,1986.308,31.781,125.250,nan,26040196.52,2810,perf-pkg
omp,2,96,2000,1,static,close,0,3,0.703457,2361.435,37.783,57.730,nan,10583177.5,2301,perf-pkg
omp,2,256,100,48,static,close,1,1,0.697451,2349.566,37.593,136.310,nan,26040196.52,2884,perf-pkg
omp,2,256,100,2,static,close,1,6,0.931278,1759.631,28.154,94.130,nan,26040196.52,2141,perf-pkg
omp,2,256,100,12,static,close,0,4,0.579353,2828.513,45.256,115.310,nan,26040196.52,2747,perf-pkg
omp,2,256,100,6,static,close,0,6,0.823460,1990.025,31.840,125.580,nan,26040196.52,2456,perf-pkg
omp,2,96,2000,8,static,close,0,9,0.112952,14706.866,235.310,110.700,nan,10583177.5,2652,perf-pkg
omp,2,1000,30,2,static,close,1,6,23.015375,1295.671,20.731,1750.590,nan,249276035.6,2169,perf-pkg
omp,2,96,2000,6,static,close,0,3,0.124651,13326.570,213.225,127.560,nan,10583177.5,2349,perf-pkg
omp,2,96,2000,24,static,close,0,2,0.067577,24581.994,393.312,125.430,nan,10583177.5,2781,perf-pkg
omp,2,96,2000,2,static,close,0,5,0.350078,4745.131,75.922,113.020,nan,10583177.5,2385,perf-pkg
omp,2,256,100,12,static,close,0,2,0.580238,2824.195,45.187,138.360,nan,26040196.52,2633,perf-pkg
omp,2,96,2000,2,static,close,0,8,0.371366,4473.123,71.570,115.100,nan,10583177.5,2356,perf-pkg
omp,2,1000,30,24,static,close,0,4,14.934169,1996.787,31.949,2015.740,nan,249276035.6,2602,perf-pkg
omp,2,96,2000,6,static,close,1,7,0.124141,13381.346,214.102,126.740,nan,10583177.5,2291,perf-pkg
omp,2,1000,30,2,static,close,1,3,23.013803,1295.760,20.732,1767.970,nan,249276035.6,2332,perf-pkg
omp,2,96,2000,12,static,close,1,8,0.083377,19923.586,318.777,113.050,nan,10583177.5,2225,perf-pkg
omp,2,1000,30,24,static,close,0,7,15.022282,1985.075,31.761,2040.840,nan,249276035.6,2580,perf-pkg
omp,2,1000,30,48,static,close,1,7,15.516410,1921.860,30.750,2147.230,nan,249276035.6,3069,perf-pkg
omp,2,1000,30,1,static,close,0,3,25.484592,1170.133,18.722,2166.020,nan,249276035.6,2203,perf-pkg
omp,2,1000,30,4,static,close,0,8,23.809003,1252.483,20.040,1697.160,nan,249276035.6,2485,perf-pkg
omp,2,256,100,1,static,close,0,2,1.342018,1221.076,19.537,250.440,nan,26040196.52,2261,perf-pkg
omp,2,1000,30,48,static,close,0,7,15.361548,1941.234,31.060,2229.470,nan,249276035.6,2610,perf-pkg
omp,2,256,100,8,static,close,1,10,0.695333,2356.721,37.708,131.730,nan,26040196.52,2431,perf-pkg
omp,2,1000,30,16,static,close,0,1,16.009589,1862.656,29.802,1792.620,nan,249276035.6,2676,perf-pkg
omp,2,1000,30,24,static,close,1,10,15.178184,1964.686,31.435,2014.810,nan,249276035.6,2502,perf-pkg
omp,2,96,2000,12,static,close,1,10,0.081932,20274.950,324.399,113.340,nan,10583177.5,2720,perf-pkg
omp,2,1000,30,1,static,close,1,2,25.876621,1152.405,18.438,2160.800,nan,249276035.6,2035,perf-pkg
seq,2,1000,30,1,static,false,1,7,25.545736,1167.332,18.677,nan,nan,249276035.6,2149,none
omp,2,256,100,8,static,close,0,8,0.697481,2349.463,37.591,137.800,nan,26040196.52,2390,perf-pkg
omp,2,1000,30,8,static,close,0,3,20.836015,1431.193,22.899,1604.780,nan,249276035.6,2392,perf-pkg
omp,2,96,2000,48,static,close,0,1,0.065460,25376.651,406.026,114.190,nan,10583177.5,2606,perf-pkg
omp,2,96,2000,4,static,close,1,10,0.180174,9219.781,147.516,122.270,nan,10583177.5,2821,perf-pkg
omp,2,96,2000,1,static,close,1,3,0.696256,2385.859,38.174,58.560,nan,10583177.5,2327,perf-pkg
omp,2,96,2000,1,static,close,0,10,0.696305,2385.689,38.171,58.950,nan,10583177.5,2335,perf-pkg
omp,2,256,100,4,static,close,1,10,0.792654,2067.367,33.078,138.810,nan,26040196.52,2078,perf-pkg
omp,2,96,2000,48,static,close,1,10,0.063557,26136.521,418.184,148.370,nan,10583177.5,2763,perf-pkg
omp,2,256,100,8,static,close,1,5,0.694280,2360.295,37.765,133.380,nan,26040196.52,2200,perf-pkg
omp,2,1000,30,16,static,close,1,3,15.996473,1864.183,29.827,1778.840,nan,249276035.6,2263,perf-pkg
omp,2,1000,30,4,static,close,0,1,23.826199,1251.579,20.025,1683.690,nan,249276035.6,2264,perf-pkg
seq,2,96,2000,1,static,false,0,1,0.702764,2363.764,37.820,nan,nan,10583177.5,2029,none
seq,2,96,2000,1,static,false,1,9,0.700925,2369.966,37.919,nan,nan,10583177.5,1946,none
omp,2,1000,30,48,static,close,1,10,15.533983,1919.685,30.715,2115.640,nan,249276035.6,2707,perf-pkg
omp,2,96,2000,16,static,close,0,5,0.072988,22759.425,364.151,137.150,nan,10583177.5,3030,perf-pkg
omp,2,1000,30,16,static,close,0,3,15.999466,1863.835,29.821,1801.640,nan,249276035.6,2378,perf-pkg
omp,2,256,100,16,static,close,0,8,0.549801,2980.547,47.689,112.090,nan,26040196.52,2277,perf-pkg
omp,2,96,2000,4,static,close,0,8,0.181195,9167.858,146.686,114.120,nan,10583177.5,2636,perf-pkg
omp,2,256,100,48,static,close,0,3,0.672718,2435.947,38.975,140.390,nan,26040196.52,2646,perf-pkg
omp,2,256,100,16,static,close,1,3,0.556569,2944.302,47.109,111.840,nan,26040196.52,2417,perf-pkg
omp,2,96,2000,6,static,close,1,8,0.124326,13361.424,213.783,117.750,nan,10583177.5,2783,perf-pkg
omp,2,256,100,12,static,close,0,1,0.579741,2826.619,45.226,110.390,nan,26040196.52,2816,perf-pkg
omp,2,96,2000,8,static,close,1,7,0.113046,14694.615,235.114,112.490,nan,10583177.5,2519,perf-pkg
seq,2,256,100,1,static,false,0,9,1.365865,1199.757,19.196,nan,nan,26040196.52,1980,none
seq,2,96,2000,1,static,false,0,5,0.700851,2370.217,37.923,nan,nan,10583177.5,1894,none
omp,2,256,100,2,static,close,0,10,0.856286,1913.737,30.620,90.320,nan,26040196.52,2189,perf-pkg
omp,2,256,100,4,static,close,1,8,0.787519,2080.846,33.294,141.510,nan,26040196.52,2248,perf-pkg
omp,2,1000,30,16,static,close,1,8,15.989726,1864.970,29.840,1805.880,nan,249276035.6,2321,perf-pkg
omp,2,96,2000,4,static,close,0,3,0.180896,9182.999,146.928,118.030,nan,10583177.5,2749,perf-pkg
omp,2,96,2000,4,static,close,1,7,0.181702,9142.283,146.277,129.860,nan,10583177.5,2520,perf-pkg
omp,2,256,100,4,static,close,0,3,0.915568,1789.824,28.637,152.290,nan,26040196.52,2176,perf-pkg
omp,2,1000,30,4,static,close,0,5,23.807025,1252.587,20.041,1689.220,nan,249276035.6,2147,perf-pkg
omp,2,96,2000,12,static,close,0,5,0.081993,20259.885,324.158,113.450,nan,10583177.5,2598,perf-pkg
omp,2,96,2000,24,static,close,1,5,0.065971,25180.171,402.883,125.610,nan,10583177.5,2629,perf-pkg
omp,2,96,2000,6,static,close,1,6,0.123981,13398.608,214.378,114.620,nan,10583177.5,2992,perf-pkg
omp,2,1000,30,16,static,close,1,2,16.007346,1862.917,29.807,1801.670,nan,249276035.6,2351,perf-pkg
omp,2,256,100,4,static,close,0,8,0.795862,2059.033,32.945,154.460,nan,26040196.52,2223,perf-pkg
omp,2,256,100,6,static,close,0,7,0.826006,1983.891,31.742,131.770,nan,26040196.52,2392,perf-pkg
omp,2,256,100,8,static,close,0,7,0.694521,2359.477,37.752,136.420,nan,26040196.52,2511,perf-pkg
omp,2,96,2000,1,static,close,0,9,0.693388,2395.727,38.332,60.670,nan,10583177.5,2505,perf-pkg
omp,2,1000,30,4,static,close,0,3,23.910924,1247.144,19.954,1704.570,nan,249276035.6,2112,perf-pkg
omp,2,1000,30,24,static,close,0,6,14.956499,1993.806,31.901,2017.950,nan,249276035.6,2567,perf-pkg
omp,2,1000,30,24,static,close,1,7,15.162263,1966.749,31.468,2008.240,nan,249276035.6,2515,perf-pkg
omp,2,1000,30,48,static,close,1,5,15.531546,1919.987,30.720,2162.410,nan,249276035.6,2880,perf-pkg
omp,2,256,100,48,static,close,1,9,0.603172,2716.814,43.469,149.290,nan,26040196.52,3012,perf-pkg
omp,2,96,2000,8,static,close,1,2,0.110116,15085.617,241.370,115.510,nan,10583177.5,2429,perf-pkg
omp,2,256,100,2,static,close,0,2,0.876914,1868.720,29.900,93.120,nan,26040196.52,2158,perf-pkg
omp,2,1000,30,1,static,close,0,4,25.672597,1161.564,18.585,2219.220,nan,249276035.6,2025,perf-pkg
omp,2,96,2000,1,static,close,0,2,0.693262,2396.162,38.339,57.660,nan,10583177.5,2187,perf-pkg
omp,2,1000,30,24,static,close,0,10,14.955483,1993.942,31.903,2019.330,nan,249276035.6,2391,perf-pkg
omp,2,1000,30,4,static,close,1,7,24.028437,1241.045,19.857,1741.570,nan,249276035.6,2190,perf-pkg
omp,2,96,2000,24,static,close,0,3,0.068326,24312.284,388.997,126.470,nan,10583177.5,2501,perf-pkg
omp,2,96,2000,6,static,close,1,10,0.123991,13397.542,214.361,114.970,nan,10583177.5,2656,perf-pkg
seq,2,96,2000,1,static,false,1,2,0.719780,2307.883,36.926,nan,nan,10583177.5,2101,none
omp,2,96,2000,2,static,close,0,10,0.347528,4779.958,76.479,108.860,nan,10583177.5,2519,perf-pkg
omp,2,256,100,2,static,close,1,3,0.845548,1938.041,31.009,90.860,nan,26040196.52,2258,perf-pkg
omp,2,96,2000,12,static,close,1,7,0.084301,19705.096,315.282,120.620,nan,10583177.5,2153,perf-pkg
omp,2,96,2000,48,static,close,1,9,0.062921,26400.807,422.413,145.790,nan,10583177.5,2928,perf-pkg
omp,2,1000,30,12,static,close,1,7,16.805530,1774.437,28.391,1724.800,nan,249276035.6,2230,perf-pkg
omp,2,96,2000,4,static,close,0,5,0.180513,9202.470,147.240,124.700,nan,10583177.5,2522,perf-pkg
omp,2,96,2000,4,static,close,1,5,0.179897,9233.984,147.744,125.150,nan,10583177.5,2375,perf-pkg
omp,2,1000,30,12,static,close,1,3,16.815597,1773.375,28.374,1724.490,nan,249276035.6,2275,perf-pkg
omp,2,1000,30,2,static,close,0,7,22.817671,1306.898,20.910,1765.780,nan,249276035.6,2263,perf-pkg
omp,2,96,2000,4,static,close,1,9,0.181738,9140.457,146.247,128.390,nan,10583177.5,2995,perf-pkg
omp,2,1000,30,2,static,close,1,2,23.091718,1291.388,20.662,1752.420,nan,249276035.6,2093,perf-pkg
omp,2,256,100,2,static,close,1,7,1.038780,1577.530,25.240,97.760,nan,26040196.52,2198,perf-pkg
omp,2,1000,30,24,static,close,1,2,15.176616,1964.889,31.438,2008.800,nan,249276035.6,2321,perf-pkg
omp,2,1000,30,2,static,close,1,9,23.004626,1296.277,20.740,1746.870,nan,249276035.6,2280,perf-pkg
omp,2,1000,30,24,static,close,0,3,15.118844,1972.397,31.558,2028.720,nan,249276035.6,2438,perf-pkg
omp,2,1000,30,6,static,close,0,2,25.246836,1181.152,18.898,1687.080,nan,249276035.6,2061,perf-pkg
omp,2,96,2000,8,static,close,0,3,0.112466,14770.377,236.326,117.370,nan,10583177.5,2644,perf-pkg
omp,2,256,100,12,static,close,1,4,0.578384,2833.248,45.332,120.670,nan,26040196.52,2637,perf-pkg
omp,2,1000,30,4,static,close,1,3,23.905790,1247.412,19.959,1735.650,nan,249276035.6,2145,perf-pkg
omp,2,96,2000,16,static,close,0,8,0.078442,21176.927,338.831,116.340,nan,10583177.5,2611,perf-pkg
omp,2,256,100,24,static,close,1,5,0.551525,2971.230,47.540,119.860,nan,26040196.52,2753,perf-pkg
omp,2,256,100,6,static,close,0,4,0.831863,1969.922,31.519,124.570,nan,26040196.52,2754,perf-pkg
omp,2,256,100,2,static,close,0,3,0.862594,1899.742,30.396,90.990,nan,26040196.52,2363,perf-pkg
seq,2,96,2000,1,static,false,1,4,0.708643,2344.154,37.506,nan,nan,10583177.5,2107,none
omp,2,256,100,24,static,close,0,3,0.543105,3017.294,48.277,117.910,nan,26040196.52,2965,perf-pkg
omp,2,256,100,6,static,close,1,9,0.823134,1990.815,31.853,121.240,nan,26040196.52,2511,perf-pkg
omp,2,96,2000,6,static,close,1,1,0.125108,13277.890,212.446,120.530,nan,10583177.5,2571,perf-pkg
omp,2,1000,30,8,static,close,1,8,20.916752,1425.669,22.811,1687.970,nan,249276035.6,2086,perf-pkg
omp,2,256,100,12,static,close,1,2,0.576634,2841.848,45.470,122.630,nan,26040196.52,2601,perf-pkg
omp,2,1000,30,24,static,close,1,5,15.181488,1964.258,31.428,2016.650,nan,249276035.6,2375,perf-pkg
omp,2,256,100,24,static,close,1,6,0.540073,3034.230,48.548,121.860,nan,26040196.52,2629,perf-pkg
omp,2,96,2000,24,static,close,0,1,0.066936,24817.371,397.078,129.450,nan,10583177.5,2985,perf-pkg
omp,2,96,2000,16,static,close,1,5,0.072044,23057.788,368.925,122.160,nan,10583177.5,2818,perf-pkg
omp,2,96,2000,4,static,close,0,1,0.182345,9110.015,145.760,124.040,nan,10583177.5,2674,perf-pkg
omp,2,256,100,48,static,close,1,4,0.596989,2744.953,43.919,154.950,nan,26040196.52,2707,perf-pkg
omp,2,256,100,48,static,close,0,5,0.588703,2783.590,44.537,150.790,nan,26040196.52,2891,perf-pkg
seq,2,96,2000,1,static,false,1,3,0.703437,2361.503,37.784,nan,nan,10583177.5,2955,none
omp,2,96,2000,24,static,close,1,3,0.066575,24951.878,399.230,130.580,nan,10583177.5,2644,perf-pkg
omp,2,256,100,2,static,close,1,5,0.856447,1913.378,30.614,92.290,nan,26040196.52,2257,perf-pkg
omp,2,1000,30,1,static,close,1,4,25.912953,1150.790,18.413,2175.070,nan,249276035.6,2155,perf-pkg
omp,2,1000,30,8,static,close,0,6,20.853239,1430.011,22.880,1650.170,nan,249276035.6,2236,perf-pkg
omp,2,256,100,16,static,close,1,4,0.551998,2968.684,47.499,111.430,nan,26040196.52,2805,perf-pkg
omp,2,256,100,6,static,close,1,4,0.823968,1988.799,31.821,121.790,nan,26040196.52,2288,perf-pkg
omp,2,256,100,12,static,close,1,1,0.581260,2819.234,45.108,113.380,nan,26040196.52,2815,perf-pkg
omp,2,1000,30,16,static,close,1,9,16.003734,1863.338,29.813,1806.890,nan,249276035.6,2522,perf-pkg
omp,2,96,2000,2,static,close,0,6,0.351454,4726.561,75.625,113.640,nan,10583177.5,2390,perf-pkg
seq,2,256,100,1,static,false,0,6,1.369790,1196.319,19.141,nan,nan,26040196.52,2084,none
omp,2,96,2000,24,static,close,1,10,0.066537,24966.099,399.458,122.090,nan,10583177.5,2639,perf-pkg
seq,2,1000,30,1,static,false,1,6,26.154434,1140.165,18.243,nan,nan,249276035.6,1977,none
omp,2,96,2000,6,static,close,1,2,0.123353,13466.809,215.469,115.770,nan,10583177.5,2456,perf-pkg
omp,2,96,2000,2,static,close,1,4,0.349970,4746.600,75.946,108.930,nan,10583177.5,2219,perf-pkg
omp,2,96,2000,2,static,close,1,5,0.351254,4729.246,75.668,112.430,nan,10583177.5,2493,perf-pkg
omp,2,1000,30,4,static,close,0,6,23.858396,1249.890,19.998,1688.060,nan,249276035.6,2083,perf-pkg
omp,2,256,100,8,static,close,0,1,0.694612,2359.167,37.747,139.050,nan,26040196.52,2270,perf-pkg
omp,2,1000,30,1,static,close,1,7,25.896365,1151.527,18.424,2180.360,nan,249276035.6,2164,perf-pkg
omp,2,96,2000,12,static,close,0,1,0.085472,19435.258,310.964,111.370,nan,10583177.5,2505,perf-pkg
omp,2,1000,30,24,static,close,0,2,15.031512,1983.856,31.742,2001.660,nan,249276035.6,2579,perf-pkg
omp,2,1000,30,48,static,close,0,10,15.407763,1935.411,30.967,2134.530,nan,249276035.6,2690,perf-pkg
omp,2,1000,30,6,static,close,1,8,25.263875,1180.356,18.886,1718.160,nan,249276035.6,2221,perf-pkg
omp,2,96,2000,4,static,close,0,9,0.184104,9022.985,144.368,117.980,nan,10583177.5,2434,perf-pkg
seq,2,256,100,1,static,false,1,7,1.472291,1113.032,17.809,nan,nan,26040196.52,2010,none
omp,2,1000,30,2,static,close,0,3,22.803336,1307.719,20.924,1724.290,nan,249276035.6,2509,perf-pkg
omp,2,96,2000,2,static,close,0,4,0.361484,4595.412,73.527,108.130,nan,10583177.5,2480,perf-pkg
omp,2,256,100,12,static,close,1,9,0.584482,2803.690,44.859,116.700,nan,26040196.52,2437,perf-pkg
seq,2,1000,30,1,static,false,1,4,26.606546,1120.790,17.933,nan,nan,249276035.6,2035,none
omp,2,96,2000,24,static,close,1,7,0.066346,25037.817,400.605,125.340,nan,10583177.5,2365,perf-pkg
omp,2,1000,30,6,static,close,1,2,25.272333,1179.961,18.879,1702.440,nan,249276035.6,2047,perf-pkg
omp,2,96,2000,6,static,close,0,7,0.124833,13307.070,212.913,126.440,nan,10583177.5,2477,perf-pkg
omp,2,96,2000,24,static,close,0,10,0.067930,24454.169,391.267,124.740,nan,10583177.5,3099,perf-pkg
omp,2,96,2000,16,static,close,1,10,0.071392,23268.239,372.292,116.370,nan,10583177.5,3086,perf-pkg
seq,2,256,100,1,static,false,1,4,1.308808,1252.061,20.033,nan,nan,26040196.52,2500,none
omp,2,1000,30,2,static,close,1,7,23.003435,1296.344,20.742,1753.950,nan,249276035.6,2101,perf-pkg
seq,2,1000,30,1,static,false,1,5,25.683356,1161.077,18.577,nan,nan,249276035.6,2073,none
omp,2,96,2000,16,static,close,0,7,0.071633,23189.848,371.038,125.540,nan,10583177.5,2458,perf-pkg
omp,2,1000,30,1,static,close,1,9,25.866835,1152.841,18.445,2126.560,nan,249276035.6,2305,perf-pkg
omp,2,1000,30,12,static,close,1,9,16.826829,1772.191,28.355,1701.290,nan,249276035.6,2404,perf-pkg
omp,2,256,100,16,static,close,1,1,0.549653,2981.348,47.702,117.720,nan,26040196.52,2572,perf-pkg
omp,2,256,100,16,static,close,0,2,0.554582,2954.852,47.278,143.790,nan,26040196.52,2875,perf-pkg
seq,2,256,100,1,static,false,1,8,1.814836,902.950,14.447,nan,nan,26040196.52,2207,none
omp,2,1000,30,12,static,close,1,4,16.817797,1773.143,28.370,1722.050,nan,249276035.6,2469,perf-pkg
omp,2,256,100,2,static,close,0,4,0.866526,1891.122,30.258,93.590,nan,26040196.52,2362,perf-pkg
seq,2,256,100,1,static,false,1,9,1.297443,1263.028,20.208,nan,nan,26040196.52,2103,none
omp,2,256,100,1,static,close,1,6,1.349142,1214.629,19.434,98.830,nan,26040196.52,2223,perf-pkg
seq,2,256,100,1,static,false,1,2,1.321765,1239.787,19.837,nan,nan,26040196.52,2080,none
seq,2,1000,30,1,static,false,0,3,25.386104,1174.673,18.795,nan,nan,249276035.6,2018,none
omp,2,1000,30,2,static,close,1,4,23.007417,1296.119,20.738,1723.810,nan,249276035.6,2411,perf-pkg
omp,2,96,2000,24,static,close,1,2,0.065728,25273.550,404.377,125.920,nan,10583177.5,2777,perf-pkg
omp,2,1000,30,16,static,close,0,10,16.016144,1861.894,29.790,1808.890,nan,249276035.6,2351,perf-pkg
omp,2,256,100,4,static,close,1,5,0.786907,2082.464,33.319,140.590,nan,26040196.52,2278,perf-pkg
omp,2,256,100,6,static,close,0,1,0.823042,1991.037,31.857,120.670,nan,26040196.52,2388,perf-pkg
omp,2,96,2000,8,static,close,1,1,0.112309,14791.027,236.656,108.600,nan,10583177.5,2371,perf-pkg
omp,2,1000,30,2,static,close,0,1,22.824926,1306.482,20.904,1741.800,nan,249276035.6,2076,perf-pkg
omp,2,1000,30,48,static,close,1,9,15.574498,1914.692,30.635,2124.450,nan,249276035.6,2793,perf-pkg
omp,2,1000,30,2,static,close,0,6,22.784079,1308.824,20.941,1749.530,nan,249276035.6,2153,perf-pkg
seq,2,96,2000,1,static,false,0,9,0.696499,2385.026,38.160,nan,nan,10583177.5,2080,none
omp,2,96,2000,48,static,close,0,5,0.063485,26166.182,418.659,132.450,nan,10583177.5,2794,perf-pkg
omp,2,1000,30,4,static,close,0,4,23.829184,1251.422,20.023,1688.060,nan,249276035.6,2104,perf-pkg
omp,2,256,100,16,static,close,1,6,0.547208,2994.670,47.915,109.910,nan,26040196.52,2440,perf-pkg
omp,2,1000,30,2,static,close,0,10,22.815980,1306.994,20.912,1730.970,nan,249276035.6,2164,perf-pkg
omp,2,1000,30,4,static,close,0,2,23.906603,1247.369,19.958,1664.940,nan,249276035.6,2356,perf-pkg
omp,2,256,100,2,static,close,1,9,0.845172,1938.902,31.022,88.080,nan,26040196.52,2242,perf-pkg
seq,2,96,2000,1,static,false,0,7,0.701218,2368.975,37.904,nan,nan,10583177.5,1959,none
omp,2,1000,30,8,static,close,1,4,20.903500,1426.573,22.825,1660.220,nan,249276035.6,2204,perf-pkg
omp,2,1000,30,16,static,close,1,7,16.016846,1861.812,29.789,1799.550,nan,249276035.6,2381,perf-pkg
omp,2,256,100,6,static,close,0,3,0.823127,1990.832,31.853,134.640,nan,26040196.52,2459,perf-pkg
omp,2,96,2000,2,static,close,0,7,0.362407,4583.712,73.339,110.360,nan,10583177.5,2446,perf-pkg
omp,2,1000,30,12,static,close,1,10,16.807886,1774.189,28.387,1731.110,nan,249276035.6,2315,perf-pkg
omp,2,256,100,8,static,close,0,10,0.700039,2340.880,37.454,137.350,nan,26040196.52,2413,perf-pkg
omp,2,256,100,1,static,close,0,4,1.340687,1222.288,19.557,119.480,nan,26040196.52,2059,perf-pkg
omp,2,1000,30,4,static,close,1,6,24.054546,1239.697,19.835,1751.660,nan,249276035.6,2164,perf-pkg
omp,2,1000,30,2,static,close,0,5,22.778715,1309.133,20.946,1729.660,nan,249276035.6,2132,perf-pkg
seq,2,1000,30,1,static,false,0,1,25.670002,1161.681,18.587,nan,nan,249276035.6,1976,none
omp,2,96,2000,8,static,close,0,10,0.111914,14843.253,237.492,110.770,nan,10583177.5,2278,perf-pkg
omp,2,1000,30,48,static,close,0,3,15.411103,1934.992,30.960,2100.490,nan,249276035.6,2640,perf-pkg
omp,2,256,100,1,static,close,0,5,1.309144,1251.739,20.028,107.490,nan,26040196.52,2324,perf-pkg
omp,2,256,100,4,static,close,0,2,0.795359,2060.337,32.965,139.780,nan,26040196.52,2358,perf-pkg
omp,2,96,2000,1,static,close,1,5,0.693277,2396.109,38.338,61.330,nan,10583177.5,2557,perf-pkg
omp,2,1000,30,1,static,close,1,6,25.900152,1151.359,18.422,2131.230,nan,249276035.6,2173,perf-pkg
omp,2,96,2000,8,static,close,0,7,0.111047,14959.190,239.347,107.260,nan,10583177.5,2250,perf-pkg
seq,2,96,2000,1,static,false,0,8,0.706494,2351.284,37.621,nan,nan,10583177.5,2181,none
omp,2,256,100,4,static,close,1,1,0.789828,2074.765,33.196,143.100,nan,26040196.52,2330,perf-pkg
omp,2,256,100,4,static,close,0,9,0.972432,1685.163,26.963,141.810,nan,26040196.52,2304,perf-pkg
seq,2,1000,30,1,static,false,1,3,25.689144,1160.816,18.573,nan,nan,249276035.6,1928,none
omp,2,96,2000,4,static,close,0,7,0.181347,9160.138,146.562,130.130,nan,10583177.5,2422,perf-pkg
omp,2,96,2000,1,static,close,1,1,0.696655,2384.490,38.152,60.930,nan,10583177.5,2321,perf-pkg
omp,2,96,2000,2,static,close,0,9,0.353813,4695.046,75.121,112.370,nan,10583177.5,2402,perf-pkg
omp,2,1000,30,12,static,close,0,8,16.875758,1767.053,28.273,1660.200,nan,249276035.6,2254,perf-pkg
omp,2,256,100,24,static,close,1,9,0.541469,3026.411,48.423,116.450,nan,26040196.52,2988,perf-pkg
omp,2,256,100,1,static,close,1,8,1.205514,1359.342,21.749,100.380,nan,26040196.52,2361,perf-pkg
omp,2,256,100,48,static,close,1,6,0.686436,2387.267,38.196,131.620,nan,26040196.52,2799,perf-pkg
omp,2,256,100,4,static,close,0,7,0.785922,2085.074,33.361,139.570,nan,26040196.52,1941,perf-pkg
omp,2,96,2000,2,static,close,1,9,0.353191,4703.318,75.253,108.760,nan,10583177.5,2308,perf-pkg
omp,2,1000,30,1,static,close,1,3,25.894631,1151.604,18.426,2127.050,nan,249276035.6,2139,perf-pkg
seq,2,256,100,1,static,false,1,5,1.320658,1240.826,19.853,nan,nan,26040196.52,2021,none
omp,2,1000,30,12,static,close,0,9,16.876327,1766.993,28.272,1675.840,nan,249276035.6,2126,perf-pkg
seq,2,96,2000,1,static,false,1,6,0.710225,2338.934,37.423,nan,nan,10583177.5,2186,none
omp,2,1000,30,2,static,close,1,1,23.003809,1296.323,20.741,1716.360,nan,249276035.6,2122,perf-pkg
omp,2,1000,30,48,static,close,1,4,15.594747,1912.205,30.595,2105.010,nan,249276035.6,2455,perf-pkg
omp,2,1000,30,8,static,close,1,7,20.922049,1425.308,22.805,1679.960,nan,249276035.6,2269,perf-pkg
omp,2,256,100,2,static,close,1,8,0.840362,1950.000,31.200,90.290,nan,26040196.52,2171,perf-pkg
omp,2,96,2000,8,static,close,1,8,0.110370,15050.920,240.815,116.830,nan,10583177.5,2516,perf-pkg
omp,2,1000,30,12,static,close,0,10,16.869814,1767.676,28.283,1691.390,nan,249276035.6,2452,perf-pkg
omp,2,96,2000,48,static,close,1,5,0.118184,14055.780,224.892,116.090,nan,10583177.5,2966,perf-pkg
omp,2,256,100,1,static,close,0,10,1.308014,1252.820,20.045,238.730,nan,26040196.52,2198,perf-pkg
omp,2,256,100,48,static,close,0,1,0.673078,2434.647,38.954,126.340,nan,26040196.52,2665,perf-pkg
seq,2,96,2000,1,static,false,1,8,0.702361,2365.120,37.842,nan,nan,10583177.5,2440,none
omp,2,1000,30,48,static,close,1,8,15.519797,1921.440,30.743,2165.600,nan,249276035.6,2475,perf-pkg
omp,2,1000,30,24,static,close,0,9,14.993803,1988.846,31.822,2059.160,nan,249276035.6,2614,perf-pkg
omp,2,1000,30,6,static,close,0,6,25.226603,1182.100,18.914,1648.870,nan,249276035.6,2154,perf-pkg
omp,2,256,100,12,static,close,1,5,0.577785,2836.186,45.379,112.230,nan,26040196.52,2675,perf-pkg
omp,2,256,100,4,static,close,0,5,0.784625,2088.521,33.416,142.160,nan,26040196.52,2138,perf-pkg
omp,2,96,2000,6,static,close,0,10,0.127484,13030.377,208.486,110.360,nan,10583177.5,2559,perf-pkg
omp,2,96,2000,2,static,close,1,7,0.349174,4757.424,76.119,114.450,nan,10583177.5,2668,perf-pkg
omp,2,96,2000,12,static,close,0,9,0.084395,19683.360,314.934,112.700,nan,10583177.5,2605,perf-pkg
omp,2,96,2000,6,static,close,0,2,0.125186,13269.639,212.314,111.570,nan,10583177.5,2569,perf-pkg
omp,2,256,100,48,static,close,1,10,0.601543,2724.170,43.587,148.030,nan,26040196.52,2778,perf-pkg
omp,2,96,2000,48,static,close,1,6,0.061587,26972.497,431.560,119.580,nan,10583177.5,3004,perf-pkg
seq,2,256,100,1,static,false,0,5,1.330033,1232.080,19.713,nan,nan,26040196.52,2528,none
omp,2,256,100,24,static,close,1,8,0.536491,3054.490,48.872,118.750,nan,26040196.52,2894,perf-pkg
omp,2,1000,30,16,static,close,1,10,16.004397,1863.260,29.812,1809.550,nan,249276035.6,2489,perf-pkg
omp,2,96,2000,16,static,close,1,2,0.071451,23249.133,371.986,115.190,nan,10583177.5,2129,perf-pkg
omp,2,256,100,4,static,close,1,9,0.789584,2075.404,33.206,144.550,nan,26040196.52,2512,perf-pkg
omp,2,1000,30,24,static,close,1,4,15.155308,1967.651,31.482,2047.430,nan,249276035.6,2050,perf-pkg
omp,2,96,2000,1,static,close,1,2,0.707115,2349.218,37.587,61.400,nan,10583177.5,2225,perf-pkg
omp,2,256,100,2,static,close,0,7,0.860957,1903.354,30.454,97.410,nan,26040196.52,2258,perf-pkg
omp,2,96,2000,16,static,close,1,8,0.071460,23246.147,371.938,119.330,nan,10583177.5,2970,perf-pkg
omp,2,256,100,16,static,close,1,5,0.549804,2980.530,47.688,112.540,nan,26040196.52,2659,perf-pkg
seq,2,96,2000,1,static,false,1,5,0.704908,2356.573,37.705,nan,nan,10583177.5,2509,none
omp,2,1000,30,1,static,close,0,9,25.979115,1147.859,18.366,2146.260,nan,249276035.6,2175,perf-pkg
omp,2,256,100,24,static,close,1,2,0.540871,3029.757,48.476,121.260,nan,26040196.52,2668,perf-pkg
omp,2,1000,30,48,static,close,1,2,15.535241,1919.530,30.712,2175.200,nan,249276035.6,3090,perf-pkg
omp,2,96,2000,1,static,close,0,7,0.692864,2397.540,38.361,62.080,nan,10583177.5,2162,perf-pkg
omp,2,256,100,12,static,close,0,9,0.578676,2831.822,45.309,126.570,nan,26040196.52,2675,perf-pkg
omp,2,96,2000,2,static,close,0,3,0.350099,4744.852,75.918,116.990,nan,10583177.5,2344,perf-pkg
omp,2,1000,30,1,static,close,0,1,25.717642,1159.529,18.552,2253.660,nan,249276035.6,2109,perf-pkg
omp,2,1000,30,1,static,close,1,1,25.935872,1149.773,18.396,2141.950,nan,249276035.6,2251,perf-pkg
omp,2,1000,30,8,static,close,0,7,20.856639,1429.778,22.876,1651.600,nan,249276035.6,2107,perf-pkg
omp,2,96,2000,12,static,close,1,3,0.082834,20054.159,320.867,114.100,nan,10583177.5,2457,perf-pkg
omp,2,96,2000,1,static,close,0,4,0.693132,2396.610,38.346,57.990,nan,10583177.5,2487,perf-pkg
omp,2,96,2000,48,static,close,0,10,0.062217,26699.616,427.194,116.330,nan,10583177.5,2724,perf-pkg
omp,2,96,2000,2,static,close,0,1,0.347564,4779.453,76.471,110.020,nan,10583177.5,2866,perf-pkg
omp,2,256,100,1,static,close,1,3,1.363882,1201.501,19.224,96.630,nan,26040196.52,2155,perf-pkg
seq,2,256,100,1,static,false,1,1,1.384009,1184.029,18.944,nan,nan,26040196.52,2171,none
omp,2,96,2000,16,static,close,0,1,0.073408,22629.252,362.068,117.980,nan,10583177.5,2771,perf-pkg
omp,2,256,100,6,static,close,1,3,0.824482,1987.559,31.801,122.500,nan,26040196.52,2222,perf-pkg
omp,2,1000,30,8,static,close,1,5,20.912541,1425.956,22.815,1677.410,nan,249276035.6,2319,perf-pkg
omp,2,1000,30,12,static,close,0,2,16.867224,1767.947,28.287,1692.720,nan,249276035.6,2068,perf-pkg
seq,2,96,2000,1,static,false,0,6,0.703728,2360.527,37.768,nan,nan,10583177.5,2285,none
omp,2,96,2000,16,static,close,1,3,0.071709,23165.419,370.647,115.730,nan,10583177.5,2567,perf-pkg
seq,2,1000,30,1,static,false,0,4,25.570998,1166.179,18.659,nan,nan,249276035.6,1961,none
omp,2,96,2000,8,static,close,1,10,0.110670,15010.105,240.162,111.810,nan,10583177.5,2461,perf-pkg
omp,2,256,100,6,static,close,0,2,0.825776,1984.445,31.751,128.050,nan,26040196.52,2385,perf-pkg
omp,2,256,100,48,static,close,0,8,0.582112,2815.107,45.042,158.710,nan,26040196.52,2661,perf-pkg
omp,2,256,100,6,static,close,1,1,0.822670,1991.936,31.871,121.280,nan,26040196.52,2324,perf-pkg
omp,2,1000,30,8,static,close,0,8,20.832665,1431.423,22.903,1662.980,nan,249276035.6,2341,perf-pkg
omp,2,96,2000,24,static,close,0,8,0.067860,24479.264,391.668,129.410,nan,10583177.5,3315,perf-pkg
omp,2,1000,30,8,static,close,1,2,20.910053,1426.125,22.818,1685.790,nan,249276035.6,2353,perf-pkg
omp,2,1000,30,6,static,close,1,1,25.285465,1179.348,18.870,1720.010,nan,249276035.6,2154,perf-pkg
omp,2,96,2000,24,static,close,1,8,0.065742,25267.942,404.287,125.140,nan,10583177.5,2710,perf-pkg
omp,2,256,100,2,static,close,1,4,0.878855,1864.593,29.833,93.320,nan,26040196.52,2229,perf-pkg
omp,2,1000,30,48,static,close,0,2,15.433713,1932.157,30.915,2142.880,nan,249276035.6,2628,perf-pkg
omp,2,96,2000,24,static,close,0,5,0.068382,24292.454,388.679,128.810,nan,10583177.5,3044,perf-pkg
omp,2,96,2000,48,static,close,0,7,0.065882,25214.365,403.430,122.700,nan,10583177.5,3008,perf-pkg
omp,2,96,2000,16,static,close,0,3,0.073498,22601.503,361.624,119.900,nan,10583177.5,2793,perf-pkg
omp,2,1000,30,16,static,close,1,4,15.981919,1865.881,29.854,1806.830,nan,249276035.6,2498,perf-pkg
omp,2,256,100,6,static,close,1,6,0.823671,1989.516,31.832,127.220,nan,26040196.52,2371,perf-pkg
omp,2,1000,30,6,static,close,0,9,25.225908,1182.132,18.914,1691.520,nan,249276035.6,2095,perf-pkg
omp,2,96,2000,24,static,close,0,7,0.067715,24531.676,392.507,126.820,nan,10583177.5,2538,perf-pkg
omp,2,256,100,8,static,close,0,2,0.693508,2362.924,37.807,131.280,nan,26040196.52,2605,perf-pkg
omp,2,256,100,48,static,close,1,2,0.680600,2407.738,38.524,134.160,nan,26040196.52,2951,perf-pkg
omp,2,1000,30,2,static,close,1,5,23.008634,1296.051,20.737,1760.630,nan,249276035.6,1946,perf-pkg
omp,2,96,2000,48,static,close,1,7,0.062416,26614.467,425.831,130.240,nan,10583177.5,2967,perf-pkg
omp,2,96,2000,8,static,close,0,1,0.110976,14968.716,239.499,112.860,nan,10583177.5,2974,perf-pkg
omp,2,96,2000,4,static,close,0,10,0.185424,8958.753,143.340,143.860,nan,10583177.5,2570,perf-pkg
omp,2,256,100,6,static,close,1,10,0.820401,1997.446,31.959,125.550,nan,26040196.52,2391,perf-pkg
omp,2,1000,30,4,static,close,1,10,23.917073,1246.823,19.949,1724.090,nan,249276035.6,2170,perf-pkg
omp,2,1000,30,8,static,close,0,2,20.847247,1430.422,22.887,1641.810,nan,249276035.6,2002,perf-pkg
omp,2,256,100,2,static,close,0,9,0.845339,1938.520,31.016,89.500,nan,26040196.52,2686,perf-pkg
omp,2,96,2000,6,static,close,0,5,0.124548,13337.544,213.401,109.970,nan,10583177.5,2214,perf-pkg
omp,2,1000,30,12,static,close,1,5,16.813461,1773.600,28.378,1706.740,nan,249276035.6,2545,perf-pkg
omp,2,96,2000,4,static,close,0,6,0.180749,9190.484,147.048,117.660,nan,10583177.5,2614,perf-pkg
omp,2,256,100,2,static,close,0,1,0.851818,1923.775,30.780,138.740,nan,26040196.52,2285,perf-pkg
