threads,bind,kernel,best_mbs,avg_time_s,min_time_s,max_time_s
1,close,Copy,43662.2,0.007373,0.007329,0.007394
1,close,Scale,26201.6,0.012265,0.012213,0.012339
1,close,Add,31826.3,0.015164,0.015082,0.015352
1,close,Triad,31834.3,0.015109,0.015078,0.015149
1,spread,Copy,43491.0,0.007382,0.007358,0.007432
1,spread,Scale,26131.2,0.012308,0.012246,0.012382
1,spread,Add,31743.5,0.015208,0.015121,0.015347
1,spread,Triad,31825.8,0.015158,0.015082,0.015314
2,close,Copy,48206.9,0.006649,0.006638,0.006674
2,close,Scale,36786.1,0.008718,0.008699,0.008772
2,close,Add,39116.8,0.012294,0.012271,0.012332
2,close,Triad,39395.5,0.012201,0.012184,0.012224
2,spread,Copy,70812.3,0.004567,0.004519,0.004592
2,spread,Scale,46369.9,0.007049,0.006901,0.007160
2,spread,Add,52829.1,0.009150,0.009086,0.009261
2,spread,Triad,54471.5,0.008913,0.008812,0.009044
4,close,Copy,48098.1,0.006705,0.006653,0.006817
4,close,Scale,36040.3,0.008951,0.008879,0.009035
4,close,Add,37971.8,0.012720,0.012641,0.012817
4,close,Triad,38174.1,0.012607,0.012574,0.012655
4,spread,Copy,91904.8,0.003533,0.003482,0.003625
4,spread,Scale,66293.5,0.004956,0.004827,0.005163
4,spread,Add,69728.3,0.007168,0.006884,0.007622
4,spread,Triad,73148.5,0.006746,0.006562,0.007113
8,close,Copy,60401.3,0.005373,0.005298,0.005596
8,close,Scale,42844.1,0.007575,0.007469,0.007700
8,close,Add,45631.6,0.010757,0.010519,0.010912
8,close,Triad,46511.9,0.010504,0.010320,0.010758
8,spread,Copy,90036.7,0.003602,0.003554,0.003680
8,spread,Scale,68727.4,0.004784,0.004656,0.004943
8,spread,Add,71122.5,0.006806,0.006749,0.006961
8,spread,Triad,76567.5,0.006357,0.006269,0.006485
